dateTime,value__bpm,value__confidence
2021-11-26 16:12:05,84.0,0.0
2021-11-26 16:12:10,,
2021-11-26 16:12:15,,
2021-11-26 16:12:20,87.0,1.0
2021-11-26 16:12:25,95.0,1.0
2021-11-26 16:12:30,101.0,1.0
2021-11-26 16:12:35,,
2021-11-26 16:12:40,103.0,1.0
2021-11-26 16:12:45,99.0,1.0
2021-11-26 16:12:50,103.0,1.0
2021-11-26 16:12:55,97.0,1.0
2021-11-26 16:13:00,98.0,1.0
2021-11-26 16:13:05,96.0,1.0
2021-11-26 16:13:10,97.0,1.0
2021-11-26 16:13:15,99.0,1.0
2021-11-26 16:13:20,101.0,1.0
2021-11-26 16:13:25,102.0,1.0
2021-11-26 16:13:30,100.0,1.0
2021-11-26 16:13:35,102.0,1.0
2021-11-26 16:13:40,101.0,1.0
2021-11-26 16:13:45,100.0,1.0
2021-11-26 16:13:50,94.0,1.0
2021-11-26 16:13:55,95.0,1.0
2021-11-26 16:14:00,96.0,3.0
2021-11-26 16:14:05,97.0,1.0
2021-11-26 16:14:10,99.0,1.0
2021-11-26 16:14:15,100.0,1.0
2021-11-26 16:14:20,101.0,1.0
2021-11-26 16:14:25,100.0,1.0
2021-11-26 16:14:30,100.0,2.0
2021-11-26 16:14:35,99.0,2.0
2021-11-26 16:14:40,,
2021-11-26 16:14:45,,
2021-11-26 16:14:50,98.0,2.0
2021-11-26 16:14:55,97.0,2.0
2021-11-26 16:15:00,94.0,2.0
2021-11-26 16:15:05,91.0,2.0
2021-11-26 16:15:10,92.0,2.0
2021-11-26 16:15:15,93.0,1.0
2021-11-26 16:15:20,92.0,1.0
2021-11-26 16:15:25,90.0,1.0
2021-11-26 16:15:30,,
2021-11-26 16:15:35,91.0,2.0
2021-11-26 16:15:40,92.0,2.0
2021-11-26 16:15:45,93.0,2.0
2021-11-26 16:15:50,93.0,1.0
2021-11-26 16:15:55,93.0,2.0
2021-11-26 16:16:00,94.0,1.0
2021-11-26 16:16:05,95.0,1.0
2021-11-26 16:16:10,98.0,1.0
2021-11-26 16:16:15,97.0,1.0
2021-11-26 16:16:20,96.0,1.0
2021-11-26 16:16:25,96.0,2.0
2021-11-26 16:16:30,94.0,2.0
2021-11-26 16:16:35,93.0,2.0
2021-11-26 16:16:40,94.0,2.0
2021-11-26 16:16:45,95.0,2.0
2021-11-26 16:16:50,96.0,2.0
2021-11-26 16:16:55,95.0,2.0
2021-11-26 16:17:00,94.0,2.0
2021-11-26 16:17:05,,
2021-11-26 16:17:10,96.0,2.0
2021-11-26 16:17:15,,
2021-11-26 16:17:20,97.0,2.0
2021-11-26 16:17:25,98.0,2.0
2021-11-26 16:17:30,98.0,2.0
2021-11-26 16:17:35,,
2021-11-26 16:17:40,,
2021-11-26 16:17:45,98.0,2.0
2021-11-26 16:17:50,,
2021-11-26 16:17:55,,
2021-11-26 16:18:00,98.0,2.0
2021-11-26 16:18:05,,
2021-11-26 16:18:10,,
2021-11-26 16:18:15,98.0,2.0
2021-11-26 16:18:20,,
2021-11-26 16:18:25,,
2021-11-26 16:18:30,98.0,2.0
2021-11-26 16:18:35,,
2021-11-26 16:18:40,97.0,2.0
2021-11-26 16:18:45,96.0,2.0
2021-11-26 16:18:50,94.0,2.0
2021-11-26 16:18:55,93.0,1.0
2021-11-26 16:19:00,96.0,1.0
2021-11-26 16:19:05,95.0,1.0
2021-11-26 16:19:10,96.0,1.0
2021-11-26 16:19:15,95.0,1.0
2021-11-26 16:19:20,96.0,1.0
2021-11-26 16:19:25,97.0,1.0
2021-11-26 16:19:30,98.0,1.0
2021-11-26 16:19:35,97.0,1.0
2021-11-26 16:19:40,95.0,2.0
2021-11-26 16:19:45,94.0,1.0
2021-11-26 16:19:50,93.0,1.0
2021-11-26 16:19:55,94.0,1.0
2021-11-26 16:20:00,93.0,1.0
2021-11-26 16:20:05,94.0,1.0
2021-11-26 16:20:10,,
2021-11-26 16:20:15,95.0,1.0
2021-11-26 16:20:20,,
2021-11-26 16:20:25,,
2021-11-26 16:20:30,93.0,1.0
2021-11-26 16:20:35,91.0,1.0
2021-11-26 16:20:40,88.0,1.0
2021-11-26 16:20:45,89.0,1.0
2021-11-26 16:20:50,89.0,2.0
2021-11-26 16:20:55,88.0,2.0
2021-11-26 16:21:00,,
2021-11-26 16:21:05,,
2021-11-26 16:21:10,88.0,2.0
2021-11-26 16:21:15,89.0,2.0
2021-11-26 16:21:20,92.0,2.0
2021-11-26 16:21:25,,
2021-11-26 16:21:30,91.0,2.0
2021-11-26 16:21:35,90.0,2.0
2021-11-26 16:21:40,,
2021-11-26 16:21:45,,
2021-11-26 16:21:50,90.0,2.0
2021-11-26 16:21:55,91.0,2.0
2021-11-26 16:22:00,,
2021-11-26 16:22:05,90.0,2.0
2021-11-26 16:22:10,,
2021-11-26 16:22:15,89.0,2.0
2021-11-26 16:22:20,,
2021-11-26 16:22:25,,
2021-11-26 16:22:30,89.0,2.0
2021-11-26 16:22:35,,
2021-11-26 16:22:40,88.0,2.0
2021-11-26 16:22:45,,
2021-11-26 16:22:50,87.0,2.0
2021-11-26 16:22:55,,
2021-11-26 16:23:00,89.0,2.0
2021-11-26 16:23:05,91.0,2.0
2021-11-26 16:23:10,,
2021-11-26 16:23:15,,
2021-11-26 16:23:20,92.0,2.0
2021-11-26 16:23:25,91.0,2.0
2021-11-26 16:23:30,,
2021-11-26 16:23:35,90.0,2.0
2021-11-26 16:23:40,,
2021-11-26 16:23:45,89.0,2.0
2021-11-26 16:23:50,,
2021-11-26 16:23:55,88.0,2.0
2021-11-26 16:24:00,91.0,2.0
2021-11-26 16:24:05,93.0,2.0
2021-11-26 16:24:10,,
2021-11-26 16:24:15,,
2021-11-26 16:24:20,93.0,2.0
2021-11-26 16:24:25,,
2021-11-26 16:24:30,,
2021-11-26 16:24:35,90.0,2.0
2021-11-26 16:24:40,84.0,2.0
2021-11-26 16:24:45,85.0,3.0
2021-11-26 16:24:50,87.0,2.0
2021-11-26 16:24:55,,
2021-11-26 16:25:00,,
2021-11-26 16:25:05,88.0,2.0
2021-11-26 16:25:10,,
2021-11-26 16:25:15,87.0,2.0
2021-11-26 16:25:20,88.0,2.0
2021-11-26 16:25:25,89.0,2.0
2021-11-26 16:25:30,,
2021-11-26 16:25:35,,
2021-11-26 16:25:40,89.0,2.0
2021-11-26 16:25:45,90.0,2.0
2021-11-26 16:25:50,89.0,2.0
2021-11-26 16:25:55,88.0,2.0
2021-11-26 16:26:00,,
2021-11-26 16:26:05,,
2021-11-26 16:26:10,88.0,2.0
2021-11-26 16:26:15,,
2021-11-26 16:26:20,,
2021-11-26 16:26:25,89.0,1.0
2021-11-26 16:26:30,97.0,1.0
2021-11-26 16:26:35,100.0,2.0
2021-11-26 16:26:40,,
2021-11-26 16:26:45,99.0,1.0
2021-11-26 16:26:50,,
2021-11-26 16:26:55,98.0,1.0
2021-11-26 16:27:00,,
2021-11-26 16:27:05,,
2021-11-26 16:27:10,98.0,1.0
2021-11-26 16:27:15,,
2021-11-26 16:27:20,99.0,1.0
2021-11-26 16:27:25,100.0,1.0
2021-11-26 16:27:30,,
2021-11-26 16:27:35,,
2021-11-26 16:27:40,101.0,1.0
2021-11-26 16:27:45,102.0,1.0
2021-11-26 16:27:50,,
2021-11-26 16:27:55,,
2021-11-26 16:28:00,101.0,1.0
2021-11-26 16:28:05,,
2021-11-26 16:28:10,,
2021-11-26 16:28:15,101.0,1.0
2021-11-26 16:28:20,,
2021-11-26 16:28:25,,
2021-11-26 16:28:30,100.0,1.0
2021-11-26 16:28:35,101.0,1.0
2021-11-26 16:28:40,,
2021-11-26 16:28:45,,
2021-11-26 16:28:50,100.0,1.0
2021-11-26 16:28:55,99.0,1.0
2021-11-26 16:29:00,98.0,1.0
2021-11-26 16:29:05,96.0,1.0
2021-11-26 16:29:10,,
2021-11-26 16:29:15,95.0,1.0
2021-11-26 16:29:20,93.0,1.0
2021-11-26 16:29:25,,
2021-11-26 16:29:30,94.0,1.0
2021-11-26 16:29:35,95.0,1.0
2021-11-26 16:29:40,94.0,1.0
2021-11-26 16:29:45,95.0,1.0
2021-11-26 16:29:50,,
2021-11-26 16:29:55,95.0,2.0
2021-11-26 16:30:00,94.0,2.0
2021-11-26 16:30:05,,
2021-11-26 16:30:10,93.0,2.0
2021-11-26 16:30:15,91.0,2.0
2021-11-26 16:30:20,89.0,2.0
2021-11-26 16:30:25,88.0,1.0
2021-11-26 16:30:30,87.0,1.0
2021-11-26 16:30:35,,
2021-11-26 16:30:40,86.0,1.0
2021-11-26 16:30:45,84.0,1.0
2021-11-26 16:30:50,,
2021-11-26 16:30:55,,
2021-11-26 16:31:00,85.0,1.0
2021-11-26 16:31:05,86.0,1.0
2021-11-26 16:31:10,,
2021-11-26 16:31:15,87.0,1.0
2021-11-26 16:31:20,88.0,1.0
2021-11-26 16:31:25,90.0,1.0
2021-11-26 16:31:30,92.0,2.0
2021-11-26 16:31:35,,
2021-11-26 16:31:40,91.0,2.0
2021-11-26 16:31:45,91.0,3.0
2021-11-26 16:31:50,92.0,3.0
2021-11-26 16:31:55,94.0,2.0
2021-11-26 16:32:00,95.0,2.0
2021-11-26 16:32:05,95.0,3.0
2021-11-26 16:32:10,96.0,2.0
2021-11-26 16:32:15,,
2021-11-26 16:32:20,,
2021-11-26 16:32:25,96.0,2.0
2021-11-26 16:32:30,98.0,2.0
2021-11-26 16:32:35,99.0,2.0
2021-11-26 16:32:40,98.0,2.0
2021-11-26 16:32:45,96.0,2.0
2021-11-26 16:32:50,94.0,2.0
2021-11-26 16:32:55,,
2021-11-26 16:33:00,,
2021-11-26 16:33:05,96.0,2.0
2021-11-26 16:33:10,96.0,1.0
2021-11-26 16:33:15,97.0,1.0
2021-11-26 16:33:20,,
2021-11-26 16:33:25,98.0,1.0
2021-11-26 16:33:30,100.0,1.0
2021-11-26 16:33:35,98.0,1.0
2021-11-26 16:33:40,98.0,3.0
2021-11-26 16:33:45,97.0,2.0
2021-11-26 16:33:50,95.0,2.0
2021-11-26 16:33:55,93.0,2.0
2021-11-26 16:34:00,,
2021-11-26 16:34:05,94.0,2.0
2021-11-26 16:34:10,93.0,2.0
2021-11-26 16:34:15,91.0,2.0
2021-11-26 16:34:20,89.0,2.0
2021-11-26 16:34:25,88.0,2.0
2021-11-26 16:34:30,,
2021-11-26 16:34:35,,
2021-11-26 16:34:40,88.0,1.0
2021-11-26 16:34:45,87.0,1.0
2021-11-26 16:34:50,88.0,2.0
2021-11-26 16:34:55,,
2021-11-26 16:35:00,87.0,1.0
2021-11-26 16:35:05,87.0,2.0
2021-11-26 16:35:10,,
2021-11-26 16:35:15,88.0,2.0
2021-11-26 16:35:20,89.0,2.0
2021-11-26 16:35:25,90.0,2.0
2021-11-26 16:35:30,,
2021-11-26 16:35:35,91.0,2.0
2021-11-26 16:35:40,,
2021-11-26 16:35:45,,
2021-11-26 16:35:50,91.0,2.0
2021-11-26 16:35:55,,
2021-11-26 16:36:00,,
2021-11-26 16:36:05,91.0,2.0
2021-11-26 16:36:10,,
2021-11-26 16:36:15,,
2021-11-26 16:36:20,90.0,2.0
2021-11-26 16:36:25,90.0,1.0
2021-11-26 16:36:30,91.0,2.0
2021-11-26 16:36:35,,
2021-11-26 16:36:40,,
2021-11-26 16:36:45,90.0,2.0
2021-11-26 16:36:50,89.0,2.0
2021-11-26 16:36:55,,
2021-11-26 16:37:00,88.0,2.0
2021-11-26 16:37:05,,
2021-11-26 16:37:10,89.0,2.0
2021-11-26 16:37:15,84.0,1.0
2021-11-26 16:37:20,,
2021-11-26 16:37:25,83.0,2.0
2021-11-26 16:37:30,81.0,1.0
2021-11-26 16:37:35,82.0,2.0
2021-11-26 16:37:40,85.0,2.0
2021-11-26 16:37:45,85.0,1.0
2021-11-26 16:37:50,,
2021-11-26 16:37:55,87.0,1.0
2021-11-26 16:38:00,92.0,1.0
2021-11-26 16:38:05,93.0,1.0
2021-11-26 16:38:10,92.0,1.0
2021-11-26 16:38:15,94.0,1.0
2021-11-26 16:38:20,97.0,1.0
2021-11-26 16:38:25,98.0,1.0
2021-11-26 16:38:30,99.0,1.0
2021-11-26 16:38:35,,
2021-11-26 16:38:40,98.0,1.0
2021-11-26 16:38:45,97.0,1.0
2021-11-26 16:38:50,95.0,1.0
2021-11-26 16:38:55,94.0,1.0
2021-11-26 16:39:00,93.0,1.0
2021-11-26 16:39:05,91.0,2.0
2021-11-26 16:39:10,89.0,2.0
2021-11-26 16:39:15,88.0,1.0
2021-11-26 16:39:20,88.0,2.0
2021-11-26 16:39:25,89.0,1.0
2021-11-26 16:39:30,88.0,1.0
2021-11-26 16:39:35,87.0,1.0
2021-11-26 16:39:40,90.0,1.0
2021-11-26 16:39:45,94.0,2.0
2021-11-26 16:39:50,96.0,2.0
2021-11-26 16:39:55,95.0,2.0
2021-11-26 16:40:00,94.0,2.0
2021-11-26 16:40:05,93.0,2.0
2021-11-26 16:40:10,94.0,2.0
2021-11-26 16:40:15,96.0,2.0
2021-11-26 16:40:20,,
2021-11-26 16:40:25,92.0,1.0
2021-11-26 16:40:30,91.0,2.0
2021-11-26 16:40:35,95.0,2.0
2021-11-26 16:40:40,97.0,2.0
2021-11-26 16:40:45,99.0,2.0
2021-11-26 16:40:50,,
2021-11-26 16:40:55,100.0,2.0
2021-11-26 16:41:00,,
2021-11-26 16:41:05,,
2021-11-26 16:41:10,100.0,2.0
2021-11-26 16:41:15,100.0,1.0
2021-11-26 16:41:20,99.0,1.0
2021-11-26 16:41:25,101.0,1.0
2021-11-26 16:41:30,102.0,1.0
2021-11-26 16:41:35,101.0,1.0
2021-11-26 16:41:40,100.0,1.0
2021-11-26 16:41:45,99.0,1.0
2021-11-26 16:41:50,97.0,2.0
2021-11-26 16:41:55,92.0,2.0
2021-11-26 16:42:00,88.0,1.0
2021-11-26 16:42:05,87.0,1.0
2021-11-26 16:42:10,90.0,1.0
2021-11-26 16:42:15,88.0,1.0
2021-11-26 16:42:20,95.0,1.0
2021-11-26 16:42:25,91.0,1.0
2021-11-26 16:42:30,94.0,1.0
2021-11-26 16:42:35,98.0,1.0
2021-11-26 16:42:40,96.0,1.0
2021-11-26 16:42:45,94.0,1.0
2021-11-26 16:42:50,,
2021-11-26 16:42:55,,
2021-11-26 16:43:00,93.0,1.0
2021-11-26 16:43:05,94.0,1.0
2021-11-26 16:43:10,96.0,1.0
2021-11-26 16:43:15,98.0,1.0
2021-11-26 16:43:20,99.0,1.0
2021-11-26 16:43:25,99.0,1.0
2021-11-26 16:43:30,103.0,1.0
2021-11-26 16:43:35,,
2021-11-26 16:43:40,108.0,1.0
2021-11-26 16:43:45,105.0,1.0
2021-11-26 16:43:50,104.0,2.0
2021-11-26 16:43:55,102.0,2.0
2021-11-26 16:44:00,,
2021-11-26 16:44:05,105.0,2.0
2021-11-26 16:44:10,104.0,2.0
2021-11-26 16:44:15,106.0,2.0
2021-11-26 16:44:20,105.0,2.0
2021-11-26 16:44:25,104.0,2.0
2021-11-26 16:44:30,107.0,2.0
2021-11-26 16:44:35,106.0,2.0
2021-11-26 16:44:40,107.0,2.0
2021-11-26 16:44:45,104.0,2.0
2021-11-26 16:44:50,103.0,1.0
2021-11-26 16:44:55,102.0,1.0
2021-11-26 16:45:00,102.0,2.0
2021-11-26 16:45:05,104.0,2.0
2021-11-26 16:45:10,102.0,1.0
2021-11-26 16:45:15,109.0,2.0
2021-11-26 16:45:20,103.0,2.0
2021-11-26 16:45:25,118.0,2.0
2021-11-26 16:45:30,124.0,1.0
2021-11-26 16:45:35,123.0,2.0
2021-11-26 16:45:40,124.0,1.0
2021-11-26 16:45:45,119.0,1.0
2021-11-26 16:45:50,113.0,1.0
2021-11-26 16:45:55,116.0,2.0
2021-11-26 16:46:00,117.0,2.0
2021-11-26 16:46:05,121.0,2.0
2021-11-26 16:46:10,128.0,2.0
2021-11-26 16:46:15,118.0,2.0
2021-11-26 16:46:20,121.0,2.0
2021-11-26 16:46:25,117.0,2.0
2021-11-26 16:46:30,119.0,2.0
2021-11-26 16:46:35,122.0,1.0
2021-11-26 16:46:40,128.0,1.0
2021-11-26 16:46:45,122.0,1.0
2021-11-26 16:46:50,117.0,1.0
2021-11-26 16:46:55,114.0,1.0
2021-11-26 16:47:00,120.0,1.0
2021-11-26 16:47:05,122.0,2.0
2021-11-26 16:47:10,125.0,1.0
2021-11-26 16:47:15,,
2021-11-26 16:47:20,123.0,2.0
2021-11-26 16:47:25,127.0,2.0
2021-11-26 16:47:30,119.0,1.0
2021-11-26 16:47:35,122.0,1.0
2021-11-26 16:47:40,125.0,1.0
2021-11-26 16:47:45,129.0,2.0
2021-11-26 16:47:50,130.0,1.0
2021-11-26 16:47:55,126.0,1.0
2021-11-26 16:48:00,121.0,1.0
2021-11-26 16:48:05,98.0,1.0
2021-11-26 16:48:10,98.0,2.0
2021-11-26 16:48:15,93.0,2.0
2021-11-26 16:48:20,87.0,1.0
2021-11-26 16:48:25,86.0,1.0
2021-11-26 16:48:30,,
2021-11-26 16:48:35,87.0,1.0
2021-11-26 16:48:40,82.0,1.0
2021-11-26 16:48:45,86.0,1.0
2021-11-26 16:48:50,87.0,1.0
2021-11-26 16:48:55,82.0,1.0
2021-11-26 16:49:00,80.0,1.0
2021-11-26 16:49:05,76.0,1.0
2021-11-26 16:49:10,,
2021-11-26 16:49:15,77.0,1.0
2021-11-26 16:49:20,78.0,1.0
2021-11-26 16:49:25,80.0,1.0
2021-11-26 16:49:30,,
2021-11-26 16:49:35,79.0,1.0
2021-11-26 16:49:40,81.0,1.0
2021-11-26 16:49:45,,
2021-11-26 16:49:50,87.0,1.0
2021-11-26 16:49:55,88.0,1.0
2021-11-26 16:50:00,92.0,2.0
2021-11-26 16:50:05,94.0,2.0
2021-11-26 16:50:10,95.0,2.0
2021-11-26 16:50:15,96.0,2.0
2021-11-26 16:50:20,100.0,2.0
2021-11-26 16:50:25,100.0,1.0
2021-11-26 16:50:30,102.0,1.0
2021-11-26 16:50:35,98.0,1.0
2021-11-26 16:50:40,100.0,2.0
2021-11-26 16:50:45,,
2021-11-26 16:50:50,102.0,2.0
2021-11-26 16:50:55,,
2021-11-26 16:51:00,,
2021-11-26 16:51:05,103.0,2.0
2021-11-26 16:51:10,,
2021-11-26 16:51:15,101.0,2.0
2021-11-26 16:51:20,99.0,2.0
2021-11-26 16:51:25,98.0,2.0
2021-11-26 16:51:30,96.0,2.0
2021-11-26 16:51:35,115.0,2.0
2021-11-26 16:51:40,121.0,2.0
2021-11-26 16:51:45,126.0,2.0
2021-11-26 16:51:50,133.0,2.0
2021-11-26 16:51:55,137.0,2.0
2021-11-26 16:52:00,136.0,2.0
2021-11-26 16:52:05,134.0,2.0
2021-11-26 16:52:10,135.0,2.0
2021-11-26 16:52:15,129.0,2.0
2021-11-26 16:52:20,131.0,2.0
2021-11-26 16:52:25,129.0,2.0
2021-11-26 16:52:30,104.0,2.0
2021-11-26 16:52:35,117.0,2.0
2021-11-26 16:52:40,115.0,3.0
2021-11-26 16:52:45,104.0,2.0
2021-11-26 16:52:50,100.0,2.0
2021-11-26 16:52:55,105.0,2.0
2021-11-26 16:53:00,,
2021-11-26 16:53:05,131.0,2.0
2021-11-26 16:53:10,129.0,2.0
2021-11-26 16:53:15,108.0,3.0
2021-11-26 16:53:20,108.0,2.0
2021-11-26 16:53:25,,
2021-11-26 16:53:30,107.0,2.0
2021-11-26 16:53:35,110.0,2.0
2021-11-26 16:53:40,107.0,2.0
2021-11-26 16:53:45,99.0,2.0
2021-11-26 16:53:50,122.0,2.0
2021-11-26 16:53:55,104.0,2.0
2021-11-26 16:54:00,94.0,3.0
2021-11-26 16:54:05,99.0,2.0
2021-11-26 16:54:10,96.0,2.0
2021-11-26 16:54:15,102.0,2.0
2021-11-26 16:54:20,,
2021-11-26 16:54:25,104.0,2.0
2021-11-26 16:54:30,132.0,2.0
2021-11-26 16:54:35,133.0,2.0
2021-11-26 16:54:40,139.0,2.0
2021-11-26 16:54:45,137.0,2.0
2021-11-26 16:54:50,136.0,2.0
2021-11-26 16:54:55,137.0,2.0
2021-11-26 16:55:00,136.0,2.0
2021-11-26 16:55:05,135.0,2.0
2021-11-26 16:55:10,134.0,2.0
2021-11-26 16:55:15,120.0,2.0
2021-11-26 16:55:20,111.0,2.0
2021-11-26 16:55:25,120.0,2.0
2021-11-26 16:55:30,116.0,2.0
2021-11-26 16:55:35,127.0,2.0
2021-11-26 16:55:40,128.0,2.0
2021-11-26 16:55:45,112.0,2.0
2021-11-26 16:55:50,124.0,2.0
2021-11-26 16:55:55,104.0,2.0
2021-11-26 16:56:00,105.0,2.0
2021-11-26 16:56:05,101.0,2.0
2021-11-26 16:56:10,103.0,2.0
2021-11-26 16:56:15,100.0,1.0
2021-11-26 16:56:20,104.0,1.0
2021-11-26 16:56:25,106.0,1.0
2021-11-26 16:56:30,111.0,1.0
2021-11-26 16:56:35,109.0,2.0
2021-11-26 16:56:40,107.0,2.0
2021-11-26 16:56:45,,
2021-11-26 16:56:50,,
2021-11-26 16:56:55,106.0,2.0
2021-11-26 16:57:00,106.0,1.0
2021-11-26 16:57:05,107.0,1.0
2021-11-26 16:57:10,106.0,1.0
2021-11-26 16:57:15,106.0,2.0
2021-11-26 16:57:20,105.0,2.0
2021-11-26 16:57:25,,
2021-11-26 16:57:30,106.0,2.0
2021-11-26 16:57:35,,
2021-11-26 16:57:40,,
2021-11-26 16:57:45,105.0,2.0
2021-11-26 16:57:50,106.0,2.0
2021-11-26 16:57:55,106.0,2.0
2021-11-26 16:58:00,108.0,2.0
2021-11-26 16:58:05,111.0,2.0
2021-11-26 16:58:10,112.0,2.0
2021-11-26 16:58:15,110.0,2.0
2021-11-26 16:58:20,105.0,2.0
2021-11-26 16:58:25,,
2021-11-26 16:58:30,101.0,2.0
2021-11-26 16:58:35,104.0,2.0
2021-11-26 16:58:40,,
2021-11-26 16:58:45,,
2021-11-26 16:58:50,105.0,2.0
2021-11-26 16:58:55,,
2021-11-26 16:59:00,106.0,2.0
2021-11-26 16:59:05,,
2021-11-26 16:59:10,105.0,2.0
2021-11-26 16:59:15,,
2021-11-26 16:59:20,104.0,2.0
2021-11-26 16:59:25,102.0,2.0
2021-11-26 16:59:30,103.0,1.0
2021-11-26 16:59:35,106.0,1.0
2021-11-26 16:59:40,,
2021-11-26 16:59:45,103.0,1.0
2021-11-26 16:59:50,100.0,1.0
2021-11-26 16:59:55,,
2021-11-26 17:00:00,,
2021-11-26 17:00:05,101.0,1.0
2021-11-26 17:00:10,100.0,1.0
2021-11-26 17:00:15,105.0,1.0
2021-11-26 17:00:20,,
2021-11-26 17:00:25,106.0,1.0
2021-11-26 17:00:30,116.0,2.0
2021-11-26 17:00:35,117.0,1.0
2021-11-26 17:00:40,118.0,2.0
2021-11-26 17:00:45,119.0,2.0
2021-11-26 17:00:50,117.0,2.0
2021-11-26 17:00:55,120.0,2.0
2021-11-26 17:01:00,121.0,2.0
2021-11-26 17:01:05,,
2021-11-26 17:01:10,,
2021-11-26 17:01:15,124.0,2.0
2021-11-26 17:01:20,126.0,2.0
2021-11-26 17:01:25,128.0,2.0
2021-11-26 17:01:30,129.0,2.0
2021-11-26 17:01:35,130.0,2.0
2021-11-26 17:01:40,,
2021-11-26 17:01:45,,
2021-11-26 17:01:50,129.0,2.0
2021-11-26 17:01:55,,
2021-11-26 17:02:00,,
2021-11-26 17:02:05,129.0,2.0
2021-11-26 17:02:10,130.0,1.0
2021-11-26 17:02:15,,
2021-11-26 17:02:20,129.0,1.0
2021-11-26 17:02:25,129.0,2.0
2021-11-26 17:02:30,,
2021-11-26 17:02:35,,
2021-11-26 17:02:40,129.0,2.0
2021-11-26 17:02:45,129.0,2.0
2021-11-26 17:02:50,129.0,2.0
2021-11-26 17:02:55,129.0,2.0
2021-11-26 17:03:00,128.0,2.0
2021-11-26 17:03:05,128.5,1.5
2021-11-26 17:03:10,129.0,2.0
2021-11-26 17:03:15,129.0,1.0
2021-11-26 17:03:20,125.66666666666667,1.3333333333333333
2021-11-26 17:03:25,124.0,1.0
2021-11-26 17:03:30,123.0,1.6666666666666667
2021-11-26 17:03:35,123.0,2.0
2021-11-26 17:03:40,123.5,1.5
2021-11-26 17:03:45,125.0,1.0
2021-11-26 17:03:50,125.33333333333333,1.0
2021-11-26 17:03:55,126.0,1.0
2021-11-26 17:04:00,126.0,1.3333333333333333
2021-11-26 17:04:05,130.0,2.0
2021-11-26 17:04:10,130.0,2.0
2021-11-26 17:04:15,132.0,2.0
2021-11-26 17:04:20,134.0,2.0
2021-11-26 17:04:25,135.0,2.0
2021-11-26 17:04:30,136.0,2.0
2021-11-26 17:04:35,137.0,2.0
2021-11-26 17:04:40,139.0,2.0
2021-11-26 17:04:45,141.0,2.0
2021-11-26 17:04:50,143.0,2.0
2021-11-26 17:04:55,145.0,2.0
2021-11-26 17:05:00,145.0,2.0
2021-11-26 17:05:05,146.0,2.0
2021-11-26 17:05:10,147.0,2.0
2021-11-26 17:05:15,147.0,2.0
2021-11-26 17:05:20,149.0,2.0
2021-11-26 17:05:25,148.0,2.0
2021-11-26 17:05:30,150.0,2.0
2021-11-26 17:05:35,149.0,2.0
2021-11-26 17:05:40,150.0,2.0
2021-11-26 17:05:45,151.0,2.0
2021-11-26 17:05:50,151.0,2.0
2021-11-26 17:05:55,149.0,2.0
2021-11-26 17:06:00,148.0,2.0
2021-11-26 17:06:05,149.5,2.0
2021-11-26 17:06:10,148.33333333333334,2.0
2021-11-26 17:06:15,150.0,2.0
2021-11-26 17:06:20,148.0,2.0
2021-11-26 17:06:25,148.0,2.0
2021-11-26 17:06:30,150.0,2.0
2021-11-26 17:06:35,150.0,2.0
2021-11-26 17:06:40,149.0,2.0
2021-11-26 17:06:45,148.0,2.0
2021-11-26 17:06:50,148.0,2.0
2021-11-26 17:06:55,147.0,1.5
2021-11-26 17:07:00,144.0,1.6666666666666667
2021-11-26 17:07:05,140.0,1.3333333333333333
2021-11-26 17:07:10,137.0,1.5
2021-11-26 17:07:15,135.5,1.0
2021-11-26 17:07:20,129.0,1.3333333333333333
2021-11-26 17:07:25,125.0,1.6666666666666667
2021-11-26 17:07:30,120.0,2.0
2021-11-26 17:07:35,118.0,2.0
2021-11-26 17:07:40,116.0,2.0
2021-11-26 17:07:45,112.0,2.0
2021-11-26 17:07:50,111.0,2.0
2021-11-26 17:07:55,110.0,2.0
2021-11-26 17:08:00,110.0,1.0
2021-11-26 17:08:05,109.0,1.0
2021-11-26 17:08:10,,
2021-11-26 17:08:15,111.0,1.0
2021-11-26 17:08:20,,
2021-11-26 17:08:25,112.0,1.0
2021-11-26 17:08:30,113.0,1.0
2021-11-26 17:08:35,111.0,1.0
2021-11-26 17:08:40,,
2021-11-26 17:08:45,,
2021-11-26 17:08:50,110.0,1.0
2021-11-26 17:08:55,,
2021-11-26 17:09:00,114.0,1.0
2021-11-26 17:09:05,,
2021-11-26 17:09:10,107.0,1.0
2021-11-26 17:09:15,100.0,1.0
2021-11-26 17:09:20,98.0,1.0
2021-11-26 17:09:25,99.0,1.0
2021-11-26 17:09:30,98.0,1.0
2021-11-26 17:09:35,,
2021-11-26 17:09:40,95.0,1.0
2021-11-26 17:09:45,92.0,1.0
2021-11-26 17:09:50,89.0,1.0
2021-11-26 17:09:55,86.0,1.0
2021-11-26 17:10:00,85.0,1.0
2021-11-26 17:10:05,83.0,1.0
2021-11-26 17:10:10,82.0,1.0
2021-11-26 17:10:15,81.0,1.0
2021-11-26 17:10:20,78.0,1.0
2021-11-26 17:10:25,75.0,1.0
2021-11-26 17:10:30,76.0,1.0
2021-11-26 17:10:35,75.0,1.0
2021-11-26 17:10:40,74.0,1.0
2021-11-26 17:10:45,72.0,1.0
2021-11-26 17:10:50,71.0,1.0
2021-11-26 17:10:55,,
2021-11-26 17:11:00,72.0,1.0
2021-11-26 17:11:05,74.0,1.0
2021-11-26 17:11:10,75.0,1.0
2021-11-26 17:11:15,73.0,1.0
2021-11-26 17:11:20,74.0,1.0
2021-11-26 17:11:25,,
2021-11-26 17:11:30,,
2021-11-26 17:11:35,80.0,1.0
2021-11-26 17:11:40,81.0,1.0
2021-11-26 17:11:45,83.0,1.0
2021-11-26 17:11:50,81.0,1.0
2021-11-26 17:11:55,79.0,1.0
2021-11-26 17:12:00,77.0,1.0
2021-11-26 17:12:05,76.0,1.0
2021-11-26 17:12:10,,
2021-11-26 17:12:15,77.0,1.0
2021-11-26 17:12:20,79.0,1.0
2021-11-26 17:12:25,,
2021-11-26 17:12:30,78.0,1.0
2021-11-26 17:12:35,77.0,1.0
2021-11-26 17:12:40,75.0,1.0
2021-11-26 17:12:45,73.0,1.0
2021-11-26 17:12:50,74.0,1.0
2021-11-26 17:12:55,75.0,1.0
2021-11-26 17:13:00,,
2021-11-26 17:13:05,,
2021-11-26 17:13:10,79.0,1.0
2021-11-26 17:13:15,78.0,1.0
2021-11-26 17:13:20,81.0,1.0
2021-11-26 17:13:25,,
2021-11-26 17:13:30,80.0,1.0
2021-11-26 17:13:35,91.0,1.0
2021-11-26 17:13:40,,
2021-11-26 17:13:45,92.0,1.0
2021-11-26 17:13:50,91.0,1.0
2021-11-26 17:13:55,,
2021-11-26 17:14:00,90.0,1.0
2021-11-26 17:14:05,88.0,1.0
2021-11-26 17:14:10,89.0,1.0
2021-11-26 17:14:15,88.0,1.0
2021-11-26 17:14:20,87.0,1.0
2021-11-26 17:14:25,90.0,1.0
2021-11-26 17:14:30,100.0,1.0
2021-11-26 17:14:35,108.0,2.0
2021-11-26 17:14:40,,
2021-11-26 17:14:45,,
2021-11-26 17:14:50,109.0,2.0
2021-11-26 17:14:55,,
2021-11-26 17:15:00,108.0,1.0
2021-11-26 17:15:05,113.0,1.0
2021-11-26 17:15:10,119.0,1.0
2021-11-26 17:15:15,120.0,1.0
2021-11-26 17:15:20,122.0,1.0
2021-11-26 17:15:25,117.0,1.0
2021-11-26 17:15:30,118.0,1.0
2021-11-26 17:15:35,126.0,1.0
2021-11-26 17:15:40,,
2021-11-26 17:15:45,128.0,1.0
2021-11-26 17:15:50,156.0,2.0
2021-11-26 17:15:55,157.0,2.0
2021-11-26 17:16:00,158.0,2.0
2021-11-26 17:16:05,,
2021-11-26 17:16:10,157.0,2.0
2021-11-26 17:16:15,154.0,1.0
2021-11-26 17:16:20,,
2021-11-26 17:16:25,,
2021-11-26 17:16:30,153.0,1.0
2021-11-26 17:16:35,151.0,1.0
2021-11-26 17:16:40,154.0,1.0
2021-11-26 17:16:45,150.0,1.0
2021-11-26 17:16:50,143.0,1.0
2021-11-26 17:16:55,132.0,1.0
2021-11-26 17:17:00,122.0,2.0
2021-11-26 17:17:05,123.0,2.0
2021-11-26 17:17:10,124.0,2.0
2021-11-26 17:17:15,,
2021-11-26 17:17:20,123.0,2.0
2021-11-26 17:17:25,125.0,2.0
2021-11-26 17:17:30,126.0,2.0
2021-11-26 17:17:35,124.0,2.0
2021-11-26 17:17:40,125.0,2.0
2021-11-26 17:17:45,126.0,2.0
2021-11-26 17:17:50,124.0,2.0
2021-11-26 17:17:55,123.0,2.0
2021-11-26 17:18:00,,
2021-11-26 17:18:05,,
2021-11-26 17:18:10,123.0,2.0
2021-11-26 17:18:15,122.0,2.0
2021-11-26 17:18:20,121.0,2.0
2021-11-26 17:18:25,115.0,1.0
2021-11-26 17:18:30,111.0,1.0
2021-11-26 17:18:35,106.0,1.0
2021-11-26 17:18:40,106.0,2.0
2021-11-26 17:18:45,110.0,2.0
2021-11-26 17:18:50,,
2021-11-26 17:18:55,,
2021-11-26 17:19:00,114.0,2.0
2021-11-26 17:19:05,131.0,2.0
2021-11-26 17:19:10,132.0,2.0
2021-11-26 17:19:15,130.0,2.0
2021-11-26 17:19:20,129.0,2.0
2021-11-26 17:19:25,132.0,1.0
2021-11-26 17:19:30,147.0,1.0
2021-11-26 17:19:35,158.0,2.0
2021-11-26 17:19:40,159.0,2.0
2021-11-26 17:19:45,,
2021-11-26 17:19:50,157.0,2.0
2021-11-26 17:19:55,156.0,1.0
2021-11-26 17:20:00,157.0,1.0
2021-11-26 17:20:05,155.0,1.0
2021-11-26 17:20:10,155.0,1.0
2021-11-26 17:20:15,,
2021-11-26 17:20:20,138.0,0.0
2021-11-26 17:20:25,70.0,0.0
2021-11-26 17:20:30,76.0,0.0
2021-11-26 17:20:35,85.0,1.0
2021-11-26 17:20:40,84.0,1.0
2021-11-26 17:20:45,85.0,1.0
2021-11-26 17:20:50,84.0,1.0
2021-11-26 17:20:55,,
2021-11-26 17:21:00,,
2021-11-26 17:21:05,85.0,1.0
2021-11-26 17:21:10,,
2021-11-26 17:21:15,83.0,1.0
2021-11-26 17:21:20,84.0,1.0
2021-11-26 17:21:25,86.0,1.0
2021-11-26 17:21:30,,
2021-11-26 17:21:35,,
2021-11-26 17:21:40,,
2021-11-26 17:21:45,,
2021-11-26 17:21:50,,
2021-11-26 17:21:55,,
2021-11-26 17:22:00,,
2021-11-26 17:22:05,,
2021-11-26 17:22:10,,
2021-11-26 17:22:15,,
2021-11-26 17:22:20,,
2021-11-26 17:22:25,,
2021-11-26 17:22:30,,
2021-11-26 17:22:35,,
2021-11-26 17:22:40,,
2021-11-26 17:22:45,,
2021-11-26 17:22:50,,
2021-11-26 17:22:55,,
2021-11-26 17:23:00,,
2021-11-26 17:23:05,,
2021-11-26 17:23:10,,
2021-11-26 17:23:15,,
2021-11-26 17:23:20,,
2021-11-26 17:23:25,,
2021-11-26 17:23:30,,
2021-11-26 17:23:35,,
2021-11-26 17:23:40,,
2021-11-26 17:23:45,90.0,0.0
2021-11-26 17:23:50,92.0,0.0
2021-11-26 17:23:55,93.0,1.0
2021-11-26 17:24:00,97.0,1.0
2021-11-26 17:24:05,103.0,1.0
2021-11-26 17:24:10,102.0,1.0
2021-11-26 17:24:15,97.0,1.0
2021-11-26 17:24:20,,
2021-11-26 17:24:25,96.0,1.0
2021-11-26 17:24:30,94.0,1.0
2021-11-26 17:24:35,92.0,1.0
2021-11-26 17:24:40,,
2021-11-26 17:24:45,91.0,1.0
2021-11-26 17:24:50,92.0,1.0
2021-11-26 17:24:55,91.0,1.0
2021-11-26 17:25:00,,
2021-11-26 17:25:05,,
2021-11-26 17:25:10,,
2021-11-26 17:25:15,,
2021-11-26 17:25:20,,
2021-11-26 17:25:25,,
2021-11-26 17:25:30,,
2021-11-26 17:25:35,,
2021-11-26 17:25:40,,
2021-11-26 17:25:45,,
2021-11-26 17:25:50,,
2021-11-26 17:25:55,,
2021-11-26 17:26:00,,
2021-11-26 17:26:05,,
2021-11-26 17:26:10,,
2021-11-26 17:26:15,,
2021-11-26 17:26:20,,
2021-11-26 17:26:25,,
2021-11-26 17:26:30,,
2021-11-26 17:26:35,,
2021-11-26 17:26:40,,
2021-11-26 17:26:45,,
2021-11-26 17:26:50,,
2021-11-26 17:26:55,,
2021-11-26 17:27:00,,
2021-11-26 17:27:05,,
2021-11-26 17:27:10,,
2021-11-26 17:27:15,,
2021-11-26 17:27:20,,
2021-11-26 17:27:25,,
2021-11-26 17:27:30,,
2021-11-26 17:27:35,,
2021-11-26 17:27:40,,
2021-11-26 17:27:45,,
2021-11-26 17:27:50,,
2021-11-26 17:27:55,,
2021-11-26 17:28:00,,
2021-11-26 17:28:05,,
2021-11-26 17:28:10,,
2021-11-26 17:28:15,,
2021-11-26 17:28:20,,
2021-11-26 17:28:25,,
2021-11-26 17:28:30,,
2021-11-26 17:28:35,,
2021-11-26 17:28:40,,
2021-11-26 17:28:45,,
2021-11-26 17:28:50,,
2021-11-26 17:28:55,,
2021-11-26 17:29:00,,
2021-11-26 17:29:05,,
2021-11-26 17:29:10,,
2021-11-26 17:29:15,,
2021-11-26 17:29:20,,
2021-11-26 17:29:25,,
2021-11-26 17:29:30,,
2021-11-26 17:29:35,,
2021-11-26 17:29:40,,
2021-11-26 17:29:45,,
2021-11-26 17:29:50,,
2021-11-26 17:29:55,,
2021-11-26 17:30:00,,
2021-11-26 17:30:05,,
2021-11-26 17:30:10,,
2021-11-26 17:30:15,,
2021-11-26 17:30:20,,
2021-11-26 17:30:25,,
2021-11-26 17:30:30,,
2021-11-26 17:30:35,,
2021-11-26 17:30:40,,
2021-11-26 17:30:45,,
2021-11-26 17:30:50,,
2021-11-26 17:30:55,,
2021-11-26 17:31:00,,
2021-11-26 17:31:05,,
2021-11-26 17:31:10,,
2021-11-26 17:31:15,,
2021-11-26 17:31:20,,
2021-11-26 17:31:25,,
2021-11-26 17:31:30,,
2021-11-26 17:31:35,,
2021-11-26 17:31:40,,
2021-11-26 17:31:45,,
2021-11-26 17:31:50,,
2021-11-26 17:31:55,,
2021-11-26 17:32:00,,
2021-11-26 17:32:05,,
2021-11-26 17:32:10,,
2021-11-26 17:32:15,,
2021-11-26 17:32:20,,
2021-11-26 17:32:25,,
2021-11-26 17:32:30,,
2021-11-26 17:32:35,,
2021-11-26 17:32:40,,
2021-11-26 17:32:45,,
2021-11-26 17:32:50,,
2021-11-26 17:32:55,,
2021-11-26 17:33:00,,
2021-11-26 17:33:05,,
2021-11-26 17:33:10,,
2021-11-26 17:33:15,,
2021-11-26 17:33:20,,
2021-11-26 17:33:25,,
2021-11-26 17:33:30,,
2021-11-26 17:33:35,,
2021-11-26 17:33:40,,
2021-11-26 17:33:45,,
2021-11-26 17:33:50,,
2021-11-26 17:33:55,,
2021-11-26 17:34:00,,
2021-11-26 17:34:05,,
2021-11-26 17:34:10,,
2021-11-26 17:34:15,,
2021-11-26 17:34:20,,
2021-11-26 17:34:25,,
2021-11-26 17:34:30,,
2021-11-26 17:34:35,,
2021-11-26 17:34:40,,
2021-11-26 17:34:45,,
2021-11-26 17:34:50,,
2021-11-26 17:34:55,,
2021-11-26 17:35:00,,
2021-11-26 17:35:05,,
2021-11-26 17:35:10,,
2021-11-26 17:35:15,,
2021-11-26 17:35:20,,
2021-11-26 17:35:25,,
2021-11-26 17:35:30,,
2021-11-26 17:35:35,,
2021-11-26 17:35:40,,
2021-11-26 17:35:45,,
2021-11-26 17:35:50,,
2021-11-26 17:35:55,,
2021-11-26 17:36:00,,
2021-11-26 17:36:05,,
2021-11-26 17:36:10,,
2021-11-26 17:36:15,,
2021-11-26 17:36:20,,
2021-11-26 17:36:25,,
2021-11-26 17:36:30,,
2021-11-26 17:36:35,,
2021-11-26 17:36:40,,
2021-11-26 17:36:45,,
2021-11-26 17:36:50,,
2021-11-26 17:36:55,,
2021-11-26 17:37:00,,
2021-11-26 17:37:05,,
2021-11-26 17:37:10,,
2021-11-26 17:37:15,,
2021-11-26 17:37:20,,
2021-11-26 17:37:25,,
2021-11-26 17:37:30,,
2021-11-26 17:37:35,,
2021-11-26 17:37:40,,
2021-11-26 17:37:45,,
2021-11-26 17:37:50,,
2021-11-26 17:37:55,,
2021-11-26 17:38:00,,
2021-11-26 17:38:05,,
2021-11-26 17:38:10,,
2021-11-26 17:38:15,,
2021-11-26 17:38:20,,
2021-11-26 17:38:25,,
2021-11-26 17:38:30,,
2021-11-26 17:38:35,,
2021-11-26 17:38:40,,
2021-11-26 17:38:45,,
2021-11-26 17:38:50,,
2021-11-26 17:38:55,,
2021-11-26 17:39:00,,
2021-11-26 17:39:05,,
2021-11-26 17:39:10,,
2021-11-26 17:39:15,,
2021-11-26 17:39:20,,
2021-11-26 17:39:25,,
2021-11-26 17:39:30,,
2021-11-26 17:39:35,,
2021-11-26 17:39:40,,
2021-11-26 17:39:45,,
2021-11-26 17:39:50,,
2021-11-26 17:39:55,,
2021-11-26 17:40:00,,
2021-11-26 17:40:05,,
2021-11-26 17:40:10,,
2021-11-26 17:40:15,,
2021-11-26 17:40:20,,
2021-11-26 17:40:25,,
2021-11-26 17:40:30,,
2021-11-26 17:40:35,,
2021-11-26 17:40:40,,
2021-11-26 17:40:45,,
2021-11-26 17:40:50,,
2021-11-26 17:40:55,,
2021-11-26 17:41:00,,
2021-11-26 17:41:05,,
2021-11-26 17:41:10,,
2021-11-26 17:41:15,,
2021-11-26 17:41:20,,
2021-11-26 17:41:25,,
2021-11-26 17:41:30,,
2021-11-26 17:41:35,,
2021-11-26 17:41:40,,
2021-11-26 17:41:45,,
2021-11-26 17:41:50,,
2021-11-26 17:41:55,,
2021-11-26 17:42:00,,
2021-11-26 17:42:05,,
2021-11-26 17:42:10,,
2021-11-26 17:42:15,,
2021-11-26 17:42:20,,
2021-11-26 17:42:25,,
2021-11-26 17:42:30,,
2021-11-26 17:42:35,,
2021-11-26 17:42:40,,
2021-11-26 17:42:45,,
2021-11-26 17:42:50,,
2021-11-26 17:42:55,,
2021-11-26 17:43:00,,
2021-11-26 17:43:05,,
2021-11-26 17:43:10,,
2021-11-26 17:43:15,,
2021-11-26 17:43:20,,
2021-11-26 17:43:25,,
2021-11-26 17:43:30,,
2021-11-26 17:43:35,,
2021-11-26 17:43:40,,
2021-11-26 17:43:45,,
2021-11-26 17:43:50,,
2021-11-26 17:43:55,,
2021-11-26 17:44:00,,
2021-11-26 17:44:05,,
2021-11-26 17:44:10,,
2021-11-26 17:44:15,,
2021-11-26 17:44:20,,
2021-11-26 17:44:25,,
2021-11-26 17:44:30,,
2021-11-26 17:44:35,,
2021-11-26 17:44:40,,
2021-11-26 17:44:45,,
2021-11-26 17:44:50,,
2021-11-26 17:44:55,,
2021-11-26 17:45:00,,
2021-11-26 17:45:05,,
2021-11-26 17:45:10,,
2021-11-26 17:45:15,,
2021-11-26 17:45:20,,
2021-11-26 17:45:25,,
2021-11-26 17:45:30,,
2021-11-26 17:45:35,,
2021-11-26 17:45:40,,
2021-11-26 17:45:45,,
2021-11-26 17:45:50,,
2021-11-26 17:45:55,,
2021-11-26 17:46:00,,
2021-11-26 17:46:05,,
2021-11-26 17:46:10,,
2021-11-26 17:46:15,,
2021-11-26 17:46:20,,
2021-11-26 17:46:25,,
2021-11-26 17:46:30,,
2021-11-26 17:46:35,,
2021-11-26 17:46:40,,
2021-11-26 17:46:45,,
2021-11-26 17:46:50,,
2021-11-26 17:46:55,,
2021-11-26 17:47:00,,
2021-11-26 17:47:05,,
2021-11-26 17:47:10,,
2021-11-26 17:47:15,,
2021-11-26 17:47:20,,
2021-11-26 17:47:25,,
2021-11-26 17:47:30,,
2021-11-26 17:47:35,,
2021-11-26 17:47:40,,
2021-11-26 17:47:45,,
2021-11-26 17:47:50,,
2021-11-26 17:47:55,,
2021-11-26 17:48:00,,
2021-11-26 17:48:05,,
2021-11-26 17:48:10,,
2021-11-26 17:48:15,,
2021-11-26 17:48:20,,
2021-11-26 17:48:25,,
2021-11-26 17:48:30,,
2021-11-26 17:48:35,,
2021-11-26 17:48:40,,
2021-11-26 17:48:45,,
2021-11-26 17:48:50,,
2021-11-26 17:48:55,,
2021-11-26 17:49:00,,
2021-11-26 17:49:05,,
2021-11-26 17:49:10,,
2021-11-26 17:49:15,,
2021-11-26 17:49:20,,
2021-11-26 17:49:25,,
2021-11-26 17:49:30,,
2021-11-26 17:49:35,86.0,0.0
2021-11-26 17:49:40,85.0,0.0
2021-11-26 17:49:45,88.0,1.0
2021-11-26 17:49:50,89.0,1.0
2021-11-26 17:49:55,94.0,1.0
2021-11-26 17:50:00,92.0,1.0
2021-11-26 17:50:05,94.0,1.0
2021-11-26 17:50:10,89.0,0.0
2021-11-26 17:50:15,88.0,0.0
2021-11-26 17:50:20,87.0,0.0
2021-11-26 17:50:25,90.0,1.0
2021-11-26 17:50:30,94.0,1.0
2021-11-26 17:50:35,95.0,1.0
2021-11-26 17:50:40,97.0,1.0
2021-11-26 17:50:45,101.0,1.0
2021-11-26 17:50:50,100.0,1.0
2021-11-26 17:50:55,98.0,1.0
2021-11-26 17:51:00,100.0,1.0
2021-11-26 17:51:05,103.0,1.0
2021-11-26 17:51:10,102.0,1.0
2021-11-26 17:51:15,103.0,1.0
2021-11-26 17:51:20,105.0,1.0
2021-11-26 17:51:25,103.0,1.0
2021-11-26 17:51:30,,
2021-11-26 17:51:35,102.0,1.0
2021-11-26 17:51:40,103.0,1.0
2021-11-26 17:51:45,99.0,1.0
2021-11-26 17:51:50,,
2021-11-26 17:51:55,104.0,1.0
2021-11-26 17:52:00,105.0,1.0
2021-11-26 17:52:05,106.0,1.0
2021-11-26 17:52:10,105.0,2.0
2021-11-26 17:52:15,98.0,2.0
2021-11-26 17:52:20,92.0,1.0
2021-11-26 17:52:25,88.0,1.0
2021-11-26 17:52:30,,
2021-11-26 17:52:35,87.0,1.0
2021-11-26 17:52:40,89.0,1.0
2021-11-26 17:52:45,91.0,1.0
2021-11-26 17:52:50,89.0,1.0
2021-11-26 17:52:55,92.0,1.0
2021-11-26 17:53:00,91.0,1.0
2021-11-26 17:53:05,,
2021-11-26 17:53:10,92.0,1.0
2021-11-26 17:53:15,91.0,1.0
2021-11-26 17:53:20,92.0,1.0
2021-11-26 17:53:25,94.0,1.0
2021-11-26 17:53:30,93.0,1.0
2021-11-26 17:53:35,90.0,1.0
2021-11-26 17:53:40,87.0,1.0
2021-11-26 17:53:45,85.0,1.0
2021-11-26 17:53:50,86.0,1.0
2021-11-26 17:53:55,,
2021-11-26 17:54:00,,
2021-11-26 17:54:05,86.0,1.0
2021-11-26 17:54:10,,
2021-11-26 17:54:15,84.0,1.0
2021-11-26 17:54:20,,
2021-11-26 17:54:25,83.0,1.0
2021-11-26 17:54:30,,
2021-11-26 17:54:35,82.0,1.0
2021-11-26 17:54:40,80.0,1.0
2021-11-26 17:54:45,81.0,1.0
2021-11-26 17:54:50,79.0,1.0
2021-11-26 17:54:55,78.0,1.0
2021-11-26 17:55:00,,
2021-11-26 17:55:05,81.0,2.0
2021-11-26 17:55:10,,
2021-11-26 17:55:15,,
2021-11-26 17:55:20,82.0,2.0
2021-11-26 17:55:25,,
2021-11-26 17:55:30,,
2021-11-26 17:55:35,83.0,2.0
2021-11-26 17:55:40,84.0,2.0
2021-11-26 17:55:45,86.0,2.0
2021-11-26 17:55:50,87.0,2.0
2021-11-26 17:55:55,86.0,2.0
2021-11-26 17:56:00,84.0,2.0
2021-11-26 17:56:05,83.0,2.0
2021-11-26 17:56:10,,
2021-11-26 17:56:15,81.0,2.0
2021-11-26 17:56:20,79.0,2.0
2021-11-26 17:56:25,80.0,2.0
2021-11-26 17:56:30,81.0,1.0
2021-11-26 17:56:35,80.0,1.0
2021-11-26 17:56:40,,
2021-11-26 17:56:45,76.0,3.0
2021-11-26 17:56:50,76.0,2.0
2021-11-26 17:56:55,77.0,2.0
2021-11-26 17:57:00,77.0,1.0
2021-11-26 17:57:05,,
2021-11-26 17:57:10,79.0,1.0
2021-11-26 17:57:15,82.0,1.0
2021-11-26 17:57:20,78.0,1.0
2021-11-26 17:57:25,,
2021-11-26 17:57:30,79.0,1.0
2021-11-26 17:57:35,82.0,1.0
2021-11-26 17:57:40,86.0,1.0
2021-11-26 17:57:45,,
2021-11-26 17:57:50,84.0,1.0
2021-11-26 17:57:55,80.0,1.0
2021-11-26 17:58:00,,
2021-11-26 17:58:05,76.0,1.0
2021-11-26 17:58:10,78.0,1.0
2021-11-26 17:58:15,79.0,1.0
2021-11-26 17:58:20,80.0,1.0
2021-11-26 17:58:25,,
2021-11-26 17:58:30,82.0,1.0
2021-11-26 17:58:35,82.0,2.0
2021-11-26 17:58:40,82.0,1.0
2021-11-26 17:58:45,81.0,1.0
2021-11-26 17:58:50,83.0,1.0
2021-11-26 17:58:55,82.0,1.0
2021-11-26 17:59:00,81.0,1.0
2021-11-26 17:59:05,86.0,1.0
2021-11-26 17:59:10,85.0,1.0
2021-11-26 17:59:15,83.0,2.0
2021-11-26 17:59:20,84.0,1.0
2021-11-26 17:59:25,81.0,1.0
2021-11-26 17:59:30,82.0,1.0
2021-11-26 17:59:35,83.0,1.0
2021-11-26 17:59:40,82.0,1.0
2021-11-26 17:59:45,82.0,2.0
2021-11-26 17:59:50,83.0,2.0
2021-11-26 17:59:55,83.0,1.0
2021-11-26 18:00:00,,
2021-11-26 18:00:05,84.0,1.0
2021-11-26 18:00:10,82.0,2.0
2021-11-26 18:00:15,79.0,1.0
2021-11-26 18:00:20,76.0,1.0
2021-11-26 18:00:25,,
2021-11-26 18:00:30,77.0,2.0
2021-11-26 18:00:35,76.0,1.0
2021-11-26 18:00:40,74.0,2.0
2021-11-26 18:00:45,75.0,2.0
2021-11-26 18:00:50,75.0,1.0
2021-11-26 18:00:55,,
2021-11-26 18:01:00,78.0,1.0
2021-11-26 18:01:05,80.0,1.0
2021-11-26 18:01:10,,
2021-11-26 18:01:15,79.0,2.0
2021-11-26 18:01:20,,
2021-11-26 18:01:25,78.0,2.0
2021-11-26 18:01:30,76.0,1.0
2021-11-26 18:01:35,77.0,1.0
2021-11-26 18:01:40,,
2021-11-26 18:01:45,78.0,1.0
2021-11-26 18:01:50,77.0,1.0
2021-11-26 18:01:55,79.0,1.0
2021-11-26 18:02:00,77.0,2.0
2021-11-26 18:02:05,76.0,2.0
2021-11-26 18:02:10,,
2021-11-26 18:02:15,,
2021-11-26 18:02:20,76.0,1.0
2021-11-26 18:02:25,76.0,2.0
2021-11-26 18:02:30,,
2021-11-26 18:02:35,78.0,1.0
2021-11-26 18:02:40,77.0,1.0
2021-11-26 18:02:45,76.0,1.0
2021-11-26 18:02:50,75.0,1.0
2021-11-26 18:02:55,74.0,1.0
2021-11-26 18:03:00,76.0,1.0
2021-11-26 18:03:05,78.0,1.0
2021-11-26 18:03:10,77.0,1.0
2021-11-26 18:03:15,74.0,1.0
2021-11-26 18:03:20,72.0,1.0
2021-11-26 18:03:25,74.0,1.0
2021-11-26 18:03:30,74.0,1.0
2021-11-26 18:03:35,,
2021-11-26 18:03:40,76.0,1.0
2021-11-26 18:03:45,77.0,2.0
2021-11-26 18:03:50,78.0,2.0
2021-11-26 18:03:55,79.0,1.0
2021-11-26 18:04:00,76.0,1.0
2021-11-26 18:04:05,75.0,3.0
2021-11-26 18:04:10,76.0,2.0
2021-11-26 18:04:15,,
2021-11-26 18:04:20,,
2021-11-26 18:04:25,77.0,2.0
2021-11-26 18:04:30,78.0,1.0
2021-11-26 18:04:35,79.0,1.0
2021-11-26 18:04:40,80.0,1.0
2021-11-26 18:04:45,,
2021-11-26 18:04:50,80.0,2.0
2021-11-26 18:04:55,78.0,2.0
2021-11-26 18:05:00,75.0,2.0
2021-11-26 18:05:05,73.0,2.0
2021-11-26 18:05:10,,
2021-11-26 18:05:15,74.0,1.0
2021-11-26 18:05:20,76.0,1.0
2021-11-26 18:05:25,77.0,1.0
2021-11-26 18:05:30,,
2021-11-26 18:05:35,,
2021-11-26 18:05:40,77.0,1.0
2021-11-26 18:05:45,76.0,2.0
2021-11-26 18:05:50,76.0,3.0
2021-11-26 18:05:55,73.0,3.0
2021-11-26 18:06:00,72.0,3.0
2021-11-26 18:06:05,71.0,3.0
2021-11-26 18:06:10,70.0,3.0
2021-11-26 18:06:15,,
2021-11-26 18:06:20,71.0,3.0
2021-11-26 18:06:25,71.0,3.0
2021-11-26 18:06:30,,
2021-11-26 18:06:35,73.0,2.0
2021-11-26 18:06:40,73.0,1.0
2021-11-26 18:06:45,74.0,2.0
2021-11-26 18:06:50,75.0,2.0
2021-11-26 18:06:55,76.0,1.0
2021-11-26 18:07:00,78.0,1.0
2021-11-26 18:07:05,81.0,1.0
2021-11-26 18:07:10,,
2021-11-26 18:07:15,79.0,1.0
2021-11-26 18:07:20,76.0,1.0
2021-11-26 18:07:25,74.0,2.0
2021-11-26 18:07:30,74.0,1.0
2021-11-26 18:07:35,,
2021-11-26 18:07:40,75.0,1.0
2021-11-26 18:07:45,77.0,1.0
2021-11-26 18:07:50,,
2021-11-26 18:07:55,76.0,1.0
2021-11-26 18:08:00,79.0,1.0
2021-11-26 18:08:05,,
2021-11-26 18:08:10,80.0,1.0
2021-11-26 18:08:15,78.0,1.0
2021-11-26 18:08:20,,
2021-11-26 18:08:25,,
2021-11-26 18:08:30,79.0,1.0
2021-11-26 18:08:35,80.0,1.0
2021-11-26 18:08:40,81.0,2.0
2021-11-26 18:08:45,81.0,1.0
2021-11-26 18:08:50,79.0,2.0
2021-11-26 18:08:55,81.0,1.0
2021-11-26 18:09:00,82.0,1.0
2021-11-26 18:09:05,,
2021-11-26 18:09:10,82.0,3.0
2021-11-26 18:09:15,,
2021-11-26 18:09:20,79.0,3.0
2021-11-26 18:09:25,75.0,3.0
2021-11-26 18:09:30,77.0,2.0
2021-11-26 18:09:35,,
2021-11-26 18:09:40,,
2021-11-26 18:09:45,76.0,2.0
2021-11-26 18:09:50,74.0,2.0
2021-11-26 18:09:55,,
2021-11-26 18:10:00,76.0,2.0
2021-11-26 18:10:05,79.0,1.0
2021-11-26 18:10:10,80.0,1.0
2021-11-26 18:10:15,79.0,1.0
2021-11-26 18:10:20,,
2021-11-26 18:10:25,,
2021-11-26 18:10:30,80.0,1.0
2021-11-26 18:10:35,79.0,1.0
2021-11-26 18:10:40,81.0,1.0
2021-11-26 18:10:45,,
2021-11-26 18:10:50,83.0,1.0
2021-11-26 18:10:55,84.0,1.0
2021-11-26 18:11:00,,
2021-11-26 18:11:05,87.0,1.0
2021-11-26 18:11:10,83.0,1.0
2021-11-26 18:11:15,87.0,1.0
2021-11-26 18:11:20,85.0,1.0
2021-11-26 18:11:25,,
2021-11-26 18:11:30,,
2021-11-26 18:11:35,81.0,1.0
2021-11-26 18:11:40,,
2021-11-26 18:11:45,79.0,1.0
2021-11-26 18:11:50,78.0,1.0
2021-11-26 18:11:55,76.0,1.0
2021-11-26 18:12:00,78.0,1.0
2021-11-26 18:12:05,80.0,1.0
2021-11-26 18:12:10,,
2021-11-26 18:12:15,81.0,1.0
2021-11-26 18:12:20,,
2021-11-26 18:12:25,80.0,1.0
2021-11-26 18:12:30,82.0,1.0
2021-11-26 18:12:35,80.0,1.0
2021-11-26 18:12:40,80.0,1.0
2021-11-26 18:12:45,79.0,1.0
2021-11-26 18:12:50,,
2021-11-26 18:12:55,79.0,2.0
2021-11-26 18:13:00,77.0,2.0
2021-11-26 18:13:05,78.0,2.0
2021-11-26 18:13:10,78.0,1.0
2021-11-26 18:13:15,75.0,1.0
2021-11-26 18:13:20,74.0,1.0
2021-11-26 18:13:25,75.0,1.0
2021-11-26 18:13:30,76.0,2.0
2021-11-26 18:13:35,77.0,1.0
2021-11-26 18:13:40,76.0,1.0
2021-11-26 18:13:45,78.0,1.0
2021-11-26 18:13:50,77.0,1.0
2021-11-26 18:13:55,78.0,1.0
2021-11-26 18:14:00,81.0,1.0
2021-11-26 18:14:05,,
2021-11-26 18:14:10,,
2021-11-26 18:14:15,80.0,1.0
2021-11-26 18:14:20,,
2021-11-26 18:14:25,82.0,1.0
2021-11-26 18:14:30,78.0,1.0
2021-11-26 18:14:35,81.0,1.0
2021-11-26 18:14:40,78.0,1.0
2021-11-26 18:14:45,80.0,2.0
2021-11-26 18:14:50,78.0,2.0
2021-11-26 18:14:55,77.0,2.0
2021-11-26 18:15:00,77.0,1.0
2021-11-26 18:15:05,76.0,1.0
2021-11-26 18:15:10,,
2021-11-26 18:15:15,76.0,2.0
2021-11-26 18:15:20,75.0,2.0
2021-11-26 18:15:25,,
2021-11-26 18:15:30,77.0,2.0
2021-11-26 18:15:35,78.0,2.0
2021-11-26 18:15:40,79.0,1.0
2021-11-26 18:15:45,80.0,1.0
2021-11-26 18:15:50,81.0,1.0
2021-11-26 18:15:55,79.0,1.0
2021-11-26 18:16:00,78.0,2.0
2021-11-26 18:16:05,75.0,3.0
2021-11-26 18:16:10,73.0,3.0
2021-11-26 18:16:15,73.0,2.0
2021-11-26 18:16:20,74.0,1.0
2021-11-26 18:16:25,75.0,1.0
2021-11-26 18:16:30,78.0,1.0
2021-11-26 18:16:35,80.0,1.0
2021-11-26 18:16:40,80.0,2.0
2021-11-26 18:16:45,81.0,2.0
2021-11-26 18:16:50,78.0,2.0
2021-11-26 18:16:55,73.0,3.0
2021-11-26 18:17:00,,
2021-11-26 18:17:05,73.0,2.0
2021-11-26 18:17:10,74.0,3.0
2021-11-26 18:17:15,76.0,3.0
2021-11-26 18:17:20,77.0,3.0
2021-11-26 18:17:25,79.0,3.0
2021-11-26 18:17:30,,
2021-11-26 18:17:35,77.0,3.0
2021-11-26 18:17:40,76.0,3.0
2021-11-26 18:17:45,77.0,2.0
2021-11-26 18:17:50,78.0,2.0
2021-11-26 18:17:55,77.0,2.0
2021-11-26 18:18:00,77.0,3.0
2021-11-26 18:18:05,76.0,3.0
2021-11-26 18:18:10,,
2021-11-26 18:18:15,75.0,3.0
2021-11-26 18:18:20,78.0,3.0
2021-11-26 18:18:25,78.0,2.0
2021-11-26 18:18:30,77.0,3.0
2021-11-26 18:18:35,78.0,2.0
2021-11-26 18:18:40,75.0,2.0
2021-11-26 18:18:45,,
2021-11-26 18:18:50,70.0,3.0
2021-11-26 18:18:55,69.0,3.0
2021-11-26 18:19:00,71.0,3.0
2021-11-26 18:19:05,69.0,3.0
2021-11-26 18:19:10,72.0,3.0
2021-11-26 18:19:15,74.0,3.0
2021-11-26 18:19:20,75.0,3.0
2021-11-26 18:19:25,74.0,3.0
2021-11-26 18:19:30,73.0,3.0
2021-11-26 18:19:35,77.0,3.0
2021-11-26 18:19:40,79.0,3.0
2021-11-26 18:19:45,77.0,3.0
2021-11-26 18:19:50,76.0,3.0
2021-11-26 18:19:55,73.0,3.0
2021-11-26 18:20:00,71.0,3.0
2021-11-26 18:20:05,72.0,3.0
2021-11-26 18:20:10,71.0,3.0
2021-11-26 18:20:15,69.0,3.0
2021-11-26 18:20:20,,
2021-11-26 18:20:25,73.0,3.0
2021-11-26 18:20:30,75.0,3.0
2021-11-26 18:20:35,73.0,3.0
2021-11-26 18:20:40,,
2021-11-26 18:20:45,72.0,3.0
2021-11-26 18:20:50,72.0,1.0
2021-11-26 18:20:55,,
2021-11-26 18:21:00,77.0,1.0
2021-11-26 18:21:05,85.0,1.0
2021-11-26 18:21:10,81.0,1.0
2021-11-26 18:21:15,75.0,1.0
2021-11-26 18:21:20,71.0,3.0
2021-11-26 18:21:25,73.0,1.0
2021-11-26 18:21:30,,
2021-11-26 18:21:35,72.0,2.0
2021-11-26 18:21:40,73.0,3.0
2021-11-26 18:21:45,77.0,1.0
2021-11-26 18:21:50,81.0,3.0
2021-11-26 18:21:55,82.0,3.0
2021-11-26 18:22:00,79.0,3.0
2021-11-26 18:22:05,,
2021-11-26 18:22:10,80.0,3.0
2021-11-26 18:22:15,83.0,1.0
2021-11-26 18:22:20,,
2021-11-26 18:22:25,79.0,1.0
2021-11-26 18:22:30,76.0,1.0
2021-11-26 18:22:35,75.0,1.0
2021-11-26 18:22:40,,
2021-11-26 18:22:45,75.0,3.0
2021-11-26 18:22:50,75.0,2.0
2021-11-26 18:22:55,76.0,3.0
2021-11-26 18:23:00,78.0,1.0
2021-11-26 18:23:05,79.0,1.0
2021-11-26 18:23:10,79.0,2.0
2021-11-26 18:23:15,78.0,3.0
2021-11-26 18:23:20,76.0,2.0
2021-11-26 18:23:25,78.0,1.0
2021-11-26 18:23:30,80.0,2.0
2021-11-26 18:23:35,,
2021-11-26 18:23:40,81.0,1.0
2021-11-26 18:23:45,82.0,1.0
2021-11-26 18:23:50,83.0,1.0
2021-11-26 18:23:55,85.0,1.0
2021-11-26 18:24:00,83.0,1.0
2021-11-26 18:24:05,78.0,1.0
2021-11-26 18:24:10,77.0,1.0
2021-11-26 18:24:15,,
2021-11-26 18:24:20,79.0,2.0
2021-11-26 18:24:25,80.0,1.0
2021-11-26 18:24:30,,
2021-11-26 18:24:35,81.0,1.0
2021-11-26 18:24:40,,
2021-11-26 18:24:45,,
2021-11-26 18:24:50,81.0,1.0
2021-11-26 18:24:55,85.0,3.0
2021-11-26 18:25:00,87.0,1.0
2021-11-26 18:25:05,86.0,1.0
2021-11-26 18:25:10,,
2021-11-26 18:25:15,85.0,1.0
2021-11-26 18:25:20,84.0,1.0
2021-11-26 18:25:25,,
2021-11-26 18:25:30,83.0,2.0
2021-11-26 18:25:35,,
2021-11-26 18:25:40,83.0,1.0
2021-11-26 18:25:45,,
2021-11-26 18:25:50,82.0,2.0
2021-11-26 18:25:55,82.0,1.0
2021-11-26 18:26:00,81.0,1.0
2021-11-26 18:26:05,,
2021-11-26 18:26:10,83.0,1.0
2021-11-26 18:26:15,,
2021-11-26 18:26:20,81.0,1.0
2021-11-26 18:26:25,84.0,1.0
2021-11-26 18:26:30,85.0,1.0
2021-11-26 18:26:35,87.0,1.0
2021-11-26 18:26:40,,
2021-11-26 18:26:45,84.0,1.0
2021-11-26 18:26:50,79.0,1.0
2021-11-26 18:26:55,75.0,1.0
2021-11-26 18:27:00,74.0,1.0
2021-11-26 18:27:05,75.0,1.0
2021-11-26 18:27:10,79.0,1.0
2021-11-26 18:27:15,85.0,1.0
2021-11-26 18:27:20,,
2021-11-26 18:27:25,90.0,1.0
2021-11-26 18:27:30,95.0,2.0
2021-11-26 18:27:35,95.0,1.0
2021-11-26 18:27:40,98.0,2.0
2021-11-26 18:27:45,91.0,1.0
2021-11-26 18:27:50,90.0,1.0
2021-11-26 18:27:55,92.0,1.0
2021-11-26 18:28:00,102.0,1.0
2021-11-26 18:28:05,103.0,1.0
2021-11-26 18:28:10,105.0,1.0
2021-11-26 18:28:15,102.0,1.0
2021-11-26 18:28:20,107.0,1.0
2021-11-26 18:28:25,115.0,2.0
2021-11-26 18:28:30,112.0,2.0
2021-11-26 18:28:35,109.0,2.0
2021-11-26 18:28:40,101.0,2.0
2021-11-26 18:28:45,103.0,2.0
2021-11-26 18:28:50,,
2021-11-26 18:28:55,110.0,2.0
2021-11-26 18:29:00,108.0,2.0
2021-11-26 18:29:05,113.0,2.0
2021-11-26 18:29:10,109.0,2.0
2021-11-26 18:29:15,111.0,2.0
2021-11-26 18:29:20,117.0,2.0
2021-11-26 18:29:25,119.0,2.0
2021-11-26 18:29:30,105.0,2.0
2021-11-26 18:29:35,99.0,2.0
2021-11-26 18:29:40,96.0,2.0
2021-11-26 18:29:45,92.0,2.0
2021-11-26 18:29:50,90.0,2.0
2021-11-26 18:29:55,87.0,2.0
2021-11-26 18:30:00,86.0,2.0
2021-11-26 18:30:05,92.0,2.0
2021-11-26 18:30:10,98.0,2.0
2021-11-26 18:30:15,97.0,2.0
2021-11-26 18:30:20,102.0,2.0
2021-11-26 18:30:25,109.0,2.0
2021-11-26 18:30:30,106.0,2.0
2021-11-26 18:30:35,112.0,2.0
2021-11-26 18:30:40,109.0,2.0
2021-11-26 18:30:45,112.0,2.0
2021-11-26 18:30:50,127.0,2.0
2021-11-26 18:30:55,134.0,2.0
2021-11-26 18:31:00,139.0,2.0
2021-11-26 18:31:05,135.0,2.0
2021-11-26 18:31:10,129.0,2.0
2021-11-26 18:31:15,120.0,2.0
2021-11-26 18:31:20,,
2021-11-26 18:31:25,129.0,2.0
2021-11-26 18:31:30,134.0,2.0
2021-11-26 18:31:35,138.0,2.0
2021-11-26 18:31:40,143.0,2.0
2021-11-26 18:31:45,116.0,1.0
2021-11-26 18:31:50,126.0,1.0
2021-11-26 18:31:55,115.0,1.0
2021-11-26 18:32:00,98.0,2.0
2021-11-26 18:32:05,95.0,2.0
2021-11-26 18:32:10,98.0,2.0
2021-11-26 18:32:15,101.0,2.0
2021-11-26 18:32:20,97.0,1.0
2021-11-26 18:32:25,100.0,1.0
2021-11-26 18:32:30,97.0,1.0
2021-11-26 18:32:35,117.0,2.0
2021-11-26 18:32:40,106.0,2.0
2021-11-26 18:32:45,110.0,2.0
2021-11-26 18:32:50,110.0,1.0
2021-11-26 18:32:55,,
2021-11-26 18:33:00,112.0,1.0
2021-11-26 18:33:05,115.0,1.0
2021-11-26 18:33:10,116.0,2.0
2021-11-26 18:33:15,113.0,2.0
2021-11-26 18:33:20,112.0,2.0
2021-11-26 18:33:25,110.0,2.0
2021-11-26 18:33:30,,
2021-11-26 18:33:35,112.0,2.0
2021-11-26 18:33:40,111.0,2.0
2021-11-26 18:33:45,111.0,1.0
2021-11-26 18:33:50,109.0,1.0
2021-11-26 18:33:55,108.0,1.0
2021-11-26 18:34:00,106.0,2.0
2021-11-26 18:34:05,104.0,1.0
2021-11-26 18:34:10,108.0,1.0
2021-11-26 18:34:15,108.0,1.0
2021-11-26 18:34:20,109.0,2.0
2021-11-26 18:34:25,113.0,2.0
2021-11-26 18:34:30,110.0,2.0
2021-11-26 18:34:35,112.0,2.0
2021-11-26 18:34:40,113.0,2.0
2021-11-26 18:34:45,112.0,2.0
2021-11-26 18:34:50,,
2021-11-26 18:34:55,,
2021-11-26 18:35:00,110.0,2.0
2021-11-26 18:35:05,107.0,2.0
2021-11-26 18:35:10,108.0,2.0
2021-11-26 18:35:15,,
2021-11-26 18:35:20,,
2021-11-26 18:35:25,110.0,2.0
2021-11-26 18:35:30,112.0,2.0
2021-11-26 18:35:35,113.0,2.0
2021-11-26 18:35:40,112.0,2.0
2021-11-26 18:35:45,111.0,2.0
2021-11-26 18:35:50,112.0,2.0
2021-11-26 18:35:55,,
2021-11-26 18:36:00,,
2021-11-26 18:36:05,110.0,2.0
2021-11-26 18:36:10,108.0,2.0
2021-11-26 18:36:15,,
2021-11-26 18:36:20,,
2021-11-26 18:36:25,109.0,2.0
2021-11-26 18:36:30,,
2021-11-26 18:36:35,110.0,2.0
2021-11-26 18:36:40,108.0,2.0
2021-11-26 18:36:45,,
2021-11-26 18:36:50,107.0,2.0
2021-11-26 18:36:55,110.0,1.0
2021-11-26 18:37:00,112.0,1.0
2021-11-26 18:37:05,114.0,1.0
2021-11-26 18:37:10,106.0,1.0
2021-11-26 18:37:15,115.0,1.0
2021-11-26 18:37:20,113.0,1.0
2021-11-26 18:37:25,112.0,1.0
2021-11-26 18:37:30,,
2021-11-26 18:37:35,113.0,1.0
2021-11-26 18:37:40,109.0,1.0
2021-11-26 18:37:45,108.0,1.0
2021-11-26 18:37:50,105.0,1.0
2021-11-26 18:37:55,110.0,1.0
2021-11-26 18:38:00,105.0,1.0
2021-11-26 18:38:05,111.0,1.0
2021-11-26 18:38:10,113.0,1.0
2021-11-26 18:38:15,110.0,1.0
2021-11-26 18:38:20,112.0,1.0
2021-11-26 18:38:25,109.0,1.0
2021-11-26 18:38:30,116.0,1.0
2021-11-26 18:38:35,121.0,1.0
2021-11-26 18:38:40,124.0,1.0
2021-11-26 18:38:45,126.0,1.0
2021-11-26 18:38:50,122.0,1.0
2021-11-26 18:38:55,115.0,1.0
2021-11-26 18:39:00,116.0,1.0
2021-11-26 18:39:05,122.0,1.0
2021-11-26 18:39:10,126.0,1.0
2021-11-26 18:39:15,,
2021-11-26 18:39:20,125.0,2.0
2021-11-26 18:39:25,120.0,1.0
2021-11-26 18:39:30,,
2021-11-26 18:39:35,117.0,1.0
2021-11-26 18:39:40,116.0,1.0
2021-11-26 18:39:45,115.0,1.0
2021-11-26 18:39:50,117.0,1.0
2021-11-26 18:39:55,116.0,1.0
2021-11-26 18:40:00,,
2021-11-26 18:40:05,115.0,1.0
2021-11-26 18:40:10,113.0,1.0
2021-11-26 18:40:15,108.0,1.0
2021-11-26 18:40:20,112.0,1.0
2021-11-26 18:40:25,111.0,1.0
2021-11-26 18:40:30,112.0,1.0
2021-11-26 18:40:35,111.0,1.0
2021-11-26 18:40:40,110.0,1.0
2021-11-26 18:40:45,106.0,1.0
2021-11-26 18:40:50,112.0,1.0
2021-11-26 18:40:55,109.0,1.0
2021-11-26 18:41:00,,
2021-11-26 18:41:05,110.0,1.0
2021-11-26 18:41:10,107.0,1.0
2021-11-26 18:41:15,109.0,1.0
2021-11-26 18:41:20,106.0,1.0
2021-11-26 18:41:25,108.0,1.0
2021-11-26 18:41:30,107.0,1.0
2021-11-26 18:41:35,108.0,1.0
2021-11-26 18:41:40,107.0,1.0
2021-11-26 18:41:45,108.0,1.0
2021-11-26 18:41:50,106.0,1.0
2021-11-26 18:41:55,104.0,1.0
2021-11-26 18:42:00,103.0,1.0
2021-11-26 18:42:05,,
2021-11-26 18:42:10,112.0,1.0
2021-11-26 18:42:15,105.0,1.0
2021-11-26 18:42:20,111.0,1.0
2021-11-26 18:42:25,113.0,1.0
2021-11-26 18:42:30,116.0,1.0
2021-11-26 18:42:35,120.0,1.0
2021-11-26 18:42:40,118.0,1.0
2021-11-26 18:42:45,110.0,1.0
2021-11-26 18:42:50,118.0,1.0
2021-11-26 18:42:55,114.0,1.0
2021-11-26 18:43:00,112.0,1.0
2021-11-26 18:43:05,,
2021-11-26 18:43:10,113.0,1.0
2021-11-26 18:43:15,115.0,1.0
2021-11-26 18:43:20,114.0,1.0
2021-11-26 18:43:25,116.0,1.0
2021-11-26 18:43:30,118.0,1.0
2021-11-26 18:43:35,112.0,1.0
2021-11-26 18:43:40,111.0,1.0
2021-11-26 18:43:45,118.0,1.0
2021-11-26 18:43:50,113.0,1.0
2021-11-26 18:43:55,131.0,1.0
2021-11-26 18:44:00,124.0,1.0
2021-11-26 18:44:05,123.0,1.0
2021-11-26 18:44:10,120.0,1.0
2021-11-26 18:44:15,111.0,1.0
2021-11-26 18:44:20,108.0,1.0
2021-11-26 18:44:25,,
2021-11-26 18:44:30,,
2021-11-26 18:44:35,110.0,1.0
2021-11-26 18:44:40,112.0,1.0
2021-11-26 18:44:45,111.0,1.0
2021-11-26 18:44:50,113.0,1.0
2021-11-26 18:44:55,112.0,1.0
2021-11-26 18:45:00,,
2021-11-26 18:45:05,,
2021-11-26 18:45:10,108.0,1.0
2021-11-26 18:45:15,110.0,1.0
2021-11-26 18:45:20,105.0,1.0
2021-11-26 18:45:25,107.0,1.0
2021-11-26 18:45:30,117.0,1.0
2021-11-26 18:45:35,119.0,1.0
2021-11-26 18:45:40,120.0,1.0
2021-11-26 18:45:45,121.0,1.0
2021-11-26 18:45:50,126.0,1.0
2021-11-26 18:45:55,132.0,1.0
2021-11-26 18:46:00,137.0,1.0
2021-11-26 18:46:05,138.0,1.0
2021-11-26 18:46:10,128.0,1.0
2021-11-26 18:46:15,126.0,1.0
2021-11-26 18:46:20,118.0,1.0
2021-11-26 18:46:25,115.0,1.0
2021-11-26 18:46:30,,
2021-11-26 18:46:35,117.0,1.0
2021-11-26 18:46:40,124.0,1.0
2021-11-26 18:46:45,124.0,1.0
2021-11-26 18:46:50,121.0,1.0
2021-11-26 18:46:55,118.0,1.0
2021-11-26 18:47:00,116.0,1.0
2021-11-26 18:47:05,119.0,1.0
2021-11-26 18:47:10,117.0,1.0
2021-11-26 18:47:15,120.0,1.0
2021-11-26 18:47:20,115.0,1.0
2021-11-26 18:47:25,,
2021-11-26 18:47:30,111.0,1.0
2021-11-26 18:47:35,118.0,1.0
2021-11-26 18:47:40,113.0,1.0
2021-11-26 18:47:45,117.0,1.0
2021-11-26 18:47:50,,
2021-11-26 18:47:55,120.0,1.0
2021-11-26 18:48:00,121.0,1.0
2021-11-26 18:48:05,136.0,1.0
2021-11-26 18:48:10,135.0,1.0
2021-11-26 18:48:15,143.0,1.0
2021-11-26 18:48:20,149.0,1.0
2021-11-26 18:48:25,154.0,2.0
2021-11-26 18:48:30,155.0,2.0
2021-11-26 18:48:35,,
2021-11-26 18:48:40,153.0,1.0
2021-11-26 18:48:45,,
2021-11-26 18:48:50,154.0,1.0
2021-11-26 18:48:55,155.0,1.0
2021-11-26 18:49:00,153.0,1.0
2021-11-26 18:49:05,154.0,1.0
2021-11-26 18:49:10,155.0,2.0
2021-11-26 18:49:15,155.0,1.0
2021-11-26 18:49:20,157.0,1.0
2021-11-26 18:49:25,153.0,1.0
2021-11-26 18:49:30,156.0,1.0
2021-11-26 18:49:35,158.0,2.0
2021-11-26 18:49:40,155.0,2.0
2021-11-26 18:49:45,152.0,2.0
2021-11-26 18:49:50,153.0,2.0
2021-11-26 18:49:55,152.0,2.0
2021-11-26 18:50:00,150.0,2.0
2021-11-26 18:50:05,145.0,2.0
2021-11-26 18:50:10,142.0,2.0
2021-11-26 18:50:15,,
2021-11-26 18:50:20,140.0,1.0
2021-11-26 18:50:25,140.0,2.0
2021-11-26 18:50:30,,
2021-11-26 18:50:35,,
2021-11-26 18:50:40,139.0,2.0
2021-11-26 18:50:45,137.0,1.0
2021-11-26 18:50:50,136.0,1.0
2021-11-26 18:50:55,,
2021-11-26 18:51:00,137.0,1.0
2021-11-26 18:51:05,135.0,1.0
2021-11-26 18:51:10,,
2021-11-26 18:51:15,136.0,1.0
2021-11-26 18:51:20,135.0,1.0
2021-11-26 18:51:25,,
2021-11-26 18:51:30,134.0,1.0
2021-11-26 18:51:35,135.0,1.0
2021-11-26 18:51:40,134.0,1.0
2021-11-26 18:51:45,,
2021-11-26 18:51:50,132.0,1.0
2021-11-26 18:51:55,130.0,1.0
2021-11-26 18:52:00,129.0,1.0
2021-11-26 18:52:05,133.0,1.0
2021-11-26 18:52:10,136.0,1.0
2021-11-26 18:52:15,124.0,1.0
2021-11-26 18:52:20,120.0,1.0
2021-11-26 18:52:25,114.0,1.0
2021-11-26 18:52:30,,
2021-11-26 18:52:35,112.0,1.0
2021-11-26 18:52:40,108.0,1.0
2021-11-26 18:52:45,109.0,1.0
2021-11-26 18:52:50,113.0,1.0
2021-11-26 18:52:55,114.0,1.0
2021-11-26 18:53:00,,
2021-11-26 18:53:05,109.0,1.0
2021-11-26 18:53:10,107.0,1.0
2021-11-26 18:53:15,106.0,1.0
2021-11-26 18:53:20,103.0,1.0
