units,date,heartRateData
bpm,2021-12-03 10:27:21 +0000,71
bpm,2021-12-03 10:29:24 +0000,65
bpm,2021-12-03 10:29:29 +0000,63
bpm,2021-12-03 10:29:34 +0000,58
bpm,2021-12-03 10:29:39 +0000,55
bpm,2021-12-03 10:29:44 +0000,54
bpm,2021-12-03 10:29:49 +0000,53
bpm,2021-12-03 10:29:50 +0000,53
bpm,2021-12-03 10:29:55 +0000,54
bpm,2021-12-03 10:30:00 +0000,56
bpm,2021-12-03 10:30:24 +0000,73
bpm,2021-12-03 10:30:29 +0000,65
bpm,2021-12-03 10:30:34 +0000,62
bpm,2021-12-03 10:30:39 +0000,60
bpm,2021-12-03 10:30:44 +0000,59
bpm,2021-12-03 10:30:47 +0000,59
bpm,2021-12-03 10:30:54 +0000,61
bpm,2021-12-03 10:30:59 +0000,58
bpm,2021-12-03 10:31:00 +0000,58
bpm,2021-12-03 10:31:05 +0000,60
bpm,2021-12-03 10:31:14 +0000,60
bpm,2021-12-03 10:31:19 +0000,61
bpm,2021-12-03 10:31:24 +0000,61
bpm,2021-12-03 10:31:29 +0000,62
bpm,2021-12-03 10:31:30 +0000,62
bpm,2021-12-03 10:31:35 +0000,61
bpm,2021-12-03 10:31:44 +0000,58
bpm,2021-12-03 10:31:47 +0000,57
bpm,2021-12-03 10:31:53 +0000,57
bpm,2021-12-03 10:31:55 +0000,57
bpm,2021-12-03 10:32:00 +0000,56
bpm,2021-12-03 10:32:08 +0000,54
bpm,2021-12-03 10:32:13 +0000,53
bpm,2021-12-03 10:32:15 +0000,54
bpm,2021-12-03 10:32:24 +0000,56
bpm,2021-12-03 10:32:29 +0000,57
bpm,2021-12-03 10:32:31 +0000,57
bpm,2021-12-03 10:32:35 +0000,59
bpm,2021-12-03 10:32:40 +0000,60
bpm,2021-12-03 10:32:48 +0000,62
bpm,2021-12-03 10:32:54 +0000,67
bpm,2021-12-03 10:32:57 +0000,66
bpm,2021-12-03 10:33:02 +0000,63
bpm,2021-12-03 10:33:09 +0000,59
bpm,2021-12-03 10:33:14 +0000,59
bpm,2021-12-03 10:33:15 +0000,58
bpm,2021-12-03 10:33:24 +0000,56
bpm,2021-12-03 10:33:27 +0000,56
bpm,2021-12-03 10:33:30 +0000,57
bpm,2021-12-03 10:33:36 +0000,57
bpm,2021-12-03 10:33:44 +0000,53
bpm,2021-12-03 10:33:49 +0000,53
bpm,2021-12-03 10:33:50 +0000,54
bpm,2021-12-03 10:33:58 +0000,57
bpm,2021-12-03 10:34:00 +0000,56
bpm,2021-12-03 10:34:06 +0000,54
bpm,2021-12-03 10:34:10 +0000,55
bpm,2021-12-03 10:34:18 +0000,54
bpm,2021-12-03 10:34:24 +0000,52
bpm,2021-12-03 10:34:25 +0000,52
bpm,2021-12-03 10:34:34 +0000,54
bpm,2021-12-03 10:34:35 +0000,54
bpm,2021-12-03 10:34:40 +0000,54
bpm,2021-12-03 10:34:49 +0000,57
bpm,2021-12-03 10:34:54 +0000,58
bpm,2021-12-03 10:34:55 +0000,58
bpm,2021-12-03 10:35:00 +0000,58
bpm,2021-12-03 10:35:09 +0000,59
bpm,2021-12-03 10:35:11 +0000,59
bpm,2021-12-03 10:35:18 +0000,61
bpm,2021-12-03 10:35:21 +0000,60
bpm,2021-12-03 10:35:25 +0000,61
bpm,2021-12-03 10:35:34 +0000,58
bpm,2021-12-03 10:35:38 +0000,60
bpm,2021-12-03 10:35:40 +0000,58
bpm,2021-12-03 10:35:49 +0000,57
bpm,2021-12-03 10:35:50 +0000,57
bpm,2021-12-03 10:35:59 +0000,57
bpm,2021-12-03 10:36:02 +0000,57
bpm,2021-12-03 10:36:09 +0000,53
bpm,2021-12-03 10:36:13 +0000,54
bpm,2021-12-03 10:36:15 +0000,54
bpm,2021-12-03 10:36:23 +0000,57
bpm,2021-12-03 10:36:26 +0000,61
bpm,2021-12-03 10:36:35 +0000,77
bpm,2021-12-03 10:36:39 +0000,74
bpm,2021-12-03 10:36:42 +0000,70
bpm,2021-12-03 10:36:48 +0000,70
bpm,2021-12-03 10:36:55 +0000,67
bpm,2021-12-03 10:36:58 +0000,67
bpm,2021-12-03 10:37:04 +0000,63
bpm,2021-12-03 10:37:08 +0000,63
bpm,2021-12-03 10:37:12 +0000,66
bpm,2021-12-03 10:37:20 +0000,61
bpm,2021-12-03 10:37:25 +0000,59
bpm,2021-12-03 10:37:27 +0000,60
bpm,2021-12-03 10:37:35 +0000,63
bpm,2021-12-03 10:37:37 +0000,60
bpm,2021-12-03 10:37:45 +0000,58
bpm,2021-12-03 10:37:46 +0000,59
bpm,2021-12-03 10:37:55 +0000,73
bpm,2021-12-03 10:37:59 +0000,72
bpm,2021-12-03 10:38:01 +0000,70
bpm,2021-12-03 10:38:06 +0000,64
bpm,2021-12-03 10:38:15 +0000,63
bpm,2021-12-03 10:38:16 +0000,63
bpm,2021-12-03 10:38:21 +0000,64
bpm,2021-12-03 10:38:30 +0000,59
bpm,2021-12-03 10:38:31 +0000,59
bpm,2021-12-03 10:38:39 +0000,55
bpm,2021-12-03 10:38:41 +0000,52
bpm,2021-12-03 10:38:47 +0000,52
bpm,2021-12-03 10:38:55 +0000,55
bpm,2021-12-03 10:39:00 +0000,54
bpm,2021-12-03 10:39:03 +0000,54
bpm,2021-12-03 10:39:10 +0000,57
bpm,2021-12-03 10:39:15 +0000,56
bpm,2021-12-03 10:39:17 +0000,57
bpm,2021-12-03 10:39:25 +0000,52
bpm,2021-12-03 10:39:28 +0000,52
bpm,2021-12-03 10:39:34 +0000,57
bpm,2021-12-03 10:39:39 +0000,56
bpm,2021-12-03 10:39:41 +0000,56
bpm,2021-12-03 10:39:48 +0000,54
bpm,2021-12-03 10:39:55 +0000,55
bpm,2021-12-03 10:39:56 +0000,55
bpm,2021-12-03 10:40:04 +0000,59
bpm,2021-12-03 10:40:10 +0000,58
bpm,2021-12-03 10:40:13 +0000,57
bpm,2021-12-03 10:40:20 +0000,55
bpm,2021-12-03 10:40:25 +0000,56
bpm,2021-12-03 10:40:26 +0000,56
bpm,2021-12-03 10:40:33 +0000,56
bpm,2021-12-03 10:40:37 +0000,59
bpm,2021-12-03 10:40:43 +0000,58
bpm,2021-12-03 10:40:50 +0000,53
bpm,2021-12-03 10:40:55 +0000,52
bpm,2021-12-03 10:41:00 +0000,51
bpm,2021-12-03 10:41:05 +0000,49
bpm,2021-12-03 10:41:09 +0000,51
bpm,2021-12-03 10:41:15 +0000,52
bpm,2021-12-03 10:41:16 +0000,52
bpm,2021-12-03 10:41:24 +0000,54
bpm,2021-12-03 10:41:26 +0000,55
bpm,2021-12-03 10:41:33 +0000,60
bpm,2021-12-03 10:41:40 +0000,61
bpm,2021-12-03 10:41:41 +0000,61
bpm,2021-12-03 10:41:49 +0000,57
bpm,2021-12-03 10:41:55 +0000,54
bpm,2021-12-03 10:42:00 +0000,55
bpm,2021-12-03 10:42:01 +0000,54
bpm,2021-12-03 10:42:09 +0000,53
bpm,2021-12-03 10:42:13 +0000,56
bpm,2021-12-03 10:42:19 +0000,61
bpm,2021-12-03 10:42:25 +0000,59
bpm,2021-12-03 10:42:27 +0000,60
bpm,2021-12-03 10:42:35 +0000,55
bpm,2021-12-03 10:42:37 +0000,55
bpm,2021-12-03 10:42:44 +0000,51
bpm,2021-12-03 10:42:50 +0000,50
bpm,2021-12-03 10:42:55 +0000,50
bpm,2021-12-03 10:42:56 +0000,50
bpm,2021-12-03 10:43:03 +0000,51
bpm,2021-12-03 10:43:09 +0000,53
bpm,2021-12-03 10:43:14 +0000,54
bpm,2021-12-03 10:43:20 +0000,53
bpm,2021-12-03 10:43:22 +0000,52
bpm,2021-12-03 10:43:27 +0000,53
bpm,2021-12-03 10:43:35 +0000,53
bpm,2021-12-03 10:43:39 +0000,52
bpm,2021-12-03 10:43:42 +0000,52
bpm,2021-12-03 10:43:46 +0000,53
bpm,2021-12-03 10:43:51 +0000,54
bpm,2021-12-03 10:44:00 +0000,55
bpm,2021-12-03 10:44:05 +0000,54
bpm,2021-12-03 10:44:09 +0000,55
bpm,2021-12-03 10:44:15 +0000,54
bpm,2021-12-03 10:44:16 +0000,54
bpm,2021-12-03 10:44:22 +0000,54
bpm,2021-12-03 10:44:30 +0000,54
bpm,2021-12-03 10:44:32 +0000,55
bpm,2021-12-03 10:44:36 +0000,54
bpm,2021-12-03 10:44:42 +0000,57
bpm,2021-12-03 10:44:50 +0000,58
bpm,2021-12-03 10:44:54 +0000,58
bpm,2021-12-03 10:44:58 +0000,58
bpm,2021-12-03 10:45:02 +0000,57
bpm,2021-12-03 10:45:09 +0000,57
bpm,2021-12-03 10:45:15 +0000,59
bpm,2021-12-03 10:45:16 +0000,59
bpm,2021-12-03 10:45:25 +0000,61
bpm,2021-12-03 10:45:30 +0000,59
bpm,2021-12-03 10:45:31 +0000,59
bpm,2021-12-03 10:45:36 +0000,60
bpm,2021-12-03 10:45:45 +0000,66
bpm,2021-12-03 10:45:46 +0000,66
bpm,2021-12-03 10:45:55 +0000,54
bpm,2021-12-03 10:46:00 +0000,54
bpm,2021-12-03 10:46:04 +0000,56
bpm,2021-12-03 10:46:06 +0000,56
bpm,2021-12-03 10:46:11 +0000,58
bpm,2021-12-03 10:46:20 +0000,74
bpm,2021-12-03 10:46:25 +0000,74
bpm,2021-12-03 10:46:26 +0000,72
bpm,2021-12-03 10:46:34 +0000,69
bpm,2021-12-03 10:46:36 +0000,69
bpm,2021-12-03 10:46:41 +0000,66
bpm,2021-12-03 10:46:46 +0000,62
bpm,2021-12-03 10:46:55 +0000,55
bpm,2021-12-03 10:47:00 +0000,51
bpm,2021-12-03 10:47:05 +0000,51
bpm,2021-12-03 10:47:08 +0000,51
bpm,2021-12-03 10:47:11 +0000,50
bpm,2021-12-03 10:47:20 +0000,50
bpm,2021-12-03 10:47:25 +0000,50
bpm,2021-12-03 10:47:28 +0000,49
bpm,2021-12-03 10:47:34 +0000,50
bpm,2021-12-03 10:47:37 +0000,50
bpm,2021-12-03 10:47:45 +0000,50
bpm,2021-12-03 10:47:48 +0000,50
bpm,2021-12-03 10:47:51 +0000,49
bpm,2021-12-03 10:47:58 +0000,50
bpm,2021-12-03 10:48:04 +0000,50
bpm,2021-12-03 10:48:10 +0000,50
bpm,2021-12-03 10:48:13 +0000,51
bpm,2021-12-03 10:48:21 +0000,52
bpm,2021-12-03 10:48:22 +0000,52
bpm,2021-12-03 10:48:29 +0000,52
bpm,2021-12-03 10:48:37 +0000,51
bpm,2021-12-03 10:48:42 +0000,51
bpm,2021-12-03 10:48:47 +0000,51
bpm,2021-12-03 10:48:52 +0000,52
bpm,2021-12-03 10:48:55 +0000,51
bpm,2021-12-03 10:49:02 +0000,51
bpm,2021-12-03 10:49:03 +0000,51
bpm,2021-12-03 10:49:10 +0000,51
bpm,2021-12-03 10:49:15 +0000,52
bpm,2021-12-03 10:49:20 +0000,53
bpm,2021-12-03 10:49:26 +0000,52
bpm,2021-12-03 10:49:32 +0000,52
bpm,2021-12-03 10:49:36 +0000,52
bpm,2021-12-03 10:49:39 +0000,53
bpm,2021-12-03 10:49:47 +0000,53
bpm,2021-12-03 10:49:50 +0000,53
bpm,2021-12-03 10:49:57 +0000,55
bpm,2021-12-03 10:50:02 +0000,55
bpm,2021-12-03 10:50:05 +0000,53
bpm,2021-12-03 10:50:12 +0000,51
bpm,2021-12-03 10:50:16 +0000,51
bpm,2021-12-03 10:50:22 +0000,51
bpm,2021-12-03 10:50:24 +0000,50
bpm,2021-12-03 10:50:28 +0000,51
bpm,2021-12-03 10:50:36 +0000,50
bpm,2021-12-03 10:50:40 +0000,50
bpm,2021-12-03 10:50:44 +0000,51
bpm,2021-12-03 10:50:52 +0000,50
bpm,2021-12-03 10:50:54 +0000,50
bpm,2021-12-03 10:50:59 +0000,50
bpm,2021-12-03 10:51:03 +0000,51
bpm,2021-12-03 10:51:08 +0000,52
bpm,2021-12-03 10:51:15 +0000,55
bpm,2021-12-03 10:51:22 +0000,57
bpm,2021-12-03 10:51:27 +0000,57
bpm,2021-12-03 10:51:28 +0000,56
bpm,2021-12-03 10:51:33 +0000,57
bpm,2021-12-03 10:51:40 +0000,58
bpm,2021-12-03 10:51:47 +0000,56
bpm,2021-12-03 10:51:50 +0000,56
bpm,2021-12-03 10:51:53 +0000,59
bpm,2021-12-03 10:52:02 +0000,59
bpm,2021-12-03 10:52:07 +0000,58
bpm,2021-12-03 10:52:12 +0000,59
bpm,2021-12-03 10:52:13 +0000,58
bpm,2021-12-03 10:52:18 +0000,57
bpm,2021-12-03 10:52:27 +0000,58
bpm,2021-12-03 10:52:32 +0000,59
bpm,2021-12-03 10:52:36 +0000,59
bpm,2021-12-03 10:52:38 +0000,58
bpm,2021-12-03 10:52:45 +0000,55
bpm,2021-12-03 10:52:52 +0000,55
bpm,2021-12-03 10:52:54 +0000,56
bpm,2021-12-03 10:53:02 +0000,52
bpm,2021-12-03 10:53:07 +0000,51
bpm,2021-12-03 10:53:12 +0000,51
bpm,2021-12-03 10:53:16 +0000,51
bpm,2021-12-03 10:53:18 +0000,51
bpm,2021-12-03 10:53:27 +0000,50
bpm,2021-12-03 10:53:31 +0000,51
bpm,2021-12-03 10:53:36 +0000,52
bpm,2021-12-03 10:53:38 +0000,52
bpm,2021-12-03 10:53:47 +0000,56
bpm,2021-12-03 10:53:52 +0000,55
bpm,2021-12-03 10:53:57 +0000,55
bpm,2021-12-03 10:53:58 +0000,55
bpm,2021-12-03 10:54:07 +0000,58
bpm,2021-12-03 10:54:09 +0000,57
bpm,2021-12-03 10:54:15 +0000,56
bpm,2021-12-03 10:54:19 +0000,57
bpm,2021-12-03 10:54:23 +0000,56
bpm,2021-12-03 10:54:32 +0000,56
bpm,2021-12-03 10:54:33 +0000,57
bpm,2021-12-03 10:54:42 +0000,67
bpm,2021-12-03 10:54:47 +0000,63
bpm,2021-12-03 10:54:50 +0000,64
bpm,2021-12-03 10:54:54 +0000,61
bpm,2021-12-03 10:55:02 +0000,58
bpm,2021-12-03 10:55:03 +0000,58
bpm,2021-12-03 10:55:10 +0000,58
bpm,2021-12-03 10:55:15 +0000,59
bpm,2021-12-03 10:55:22 +0000,57
bpm,2021-12-03 10:55:25 +0000,57
bpm,2021-12-03 10:55:32 +0000,54
bpm,2021-12-03 10:55:35 +0000,54
bpm,2021-12-03 10:55:42 +0000,51
bpm,2021-12-03 10:55:44 +0000,50
bpm,2021-12-03 10:55:51 +0000,48
bpm,2021-12-03 10:55:54 +0000,48
bpm,2021-12-03 10:56:01 +0000,48
bpm,2021-12-03 10:56:05 +0000,49
bpm,2021-12-03 10:56:10 +0000,49
bpm,2021-12-03 10:56:17 +0000,51
bpm,2021-12-03 10:56:19 +0000,50
bpm,2021-12-03 10:56:23 +0000,50
bpm,2021-12-03 10:56:31 +0000,53
bpm,2021-12-03 10:56:37 +0000,54
bpm,2021-12-03 10:56:38 +0000,55
bpm,2021-12-03 10:56:43 +0000,57
bpm,2021-12-03 10:56:52 +0000,60
bpm,2021-12-03 10:56:57 +0000,58
bpm,2021-12-03 10:57:00 +0000,57
bpm,2021-12-03 10:57:03 +0000,56
bpm,2021-12-03 10:57:12 +0000,52
bpm,2021-12-03 10:57:14 +0000,52
bpm,2021-12-03 10:57:22 +0000,51
bpm,2021-12-03 10:57:27 +0000,50
bpm,2021-12-03 10:57:29 +0000,50
bpm,2021-12-03 10:57:36 +0000,50
bpm,2021-12-03 10:57:38 +0000,50
bpm,2021-12-03 10:57:45 +0000,52
bpm,2021-12-03 10:57:52 +0000,51
bpm,2021-12-03 10:57:54 +0000,51
bpm,2021-12-03 10:58:00 +0000,52
bpm,2021-12-03 10:58:07 +0000,52
bpm,2021-12-03 10:58:08 +0000,53
bpm,2021-12-03 10:58:13 +0000,53
bpm,2021-12-03 10:58:20 +0000,56
bpm,2021-12-03 10:58:26 +0000,54
bpm,2021-12-03 10:58:32 +0000,55
bpm,2021-12-03 10:58:35 +0000,55
bpm,2021-12-03 10:58:42 +0000,52
bpm,2021-12-03 10:58:44 +0000,53
bpm,2021-12-03 10:58:50 +0000,54
bpm,2021-12-03 10:58:54 +0000,54
bpm,2021-12-03 10:59:01 +0000,54
bpm,2021-12-03 10:59:04 +0000,55
bpm,2021-12-03 10:59:12 +0000,55
bpm,2021-12-03 10:59:16 +0000,55
bpm,2021-12-03 10:59:22 +0000,53
bpm,2021-12-03 10:59:26 +0000,53
bpm,2021-12-03 10:59:29 +0000,55
bpm,2021-12-03 10:59:33 +0000,55
bpm,2021-12-03 10:59:39 +0000,53
bpm,2021-12-03 10:59:43 +0000,54
bpm,2021-12-03 10:59:50 +0000,56
bpm,2021-12-03 10:59:53 +0000,55
bpm,2021-12-03 11:00:00 +0000,56
bpm,2021-12-03 11:00:03 +0000,56
bpm,2021-12-03 11:00:09 +0000,57
bpm,2021-12-03 11:00:17 +0000,56
bpm,2021-12-03 11:00:18 +0000,56
bpm,2021-12-03 11:00:24 +0000,53
bpm,2021-12-03 11:00:29 +0000,52
bpm,2021-12-03 11:00:36 +0000,53
bpm,2021-12-03 11:00:38 +0000,53
bpm,2021-12-03 11:00:43 +0000,53
bpm,2021-12-03 11:00:52 +0000,53
bpm,2021-12-03 11:00:53 +0000,53
bpm,2021-12-03 11:01:01 +0000,52
bpm,2021-12-03 11:01:06 +0000,53
bpm,2021-12-03 11:01:09 +0000,53
bpm,2021-12-03 11:01:14 +0000,54
bpm,2021-12-03 11:01:18 +0000,55
bpm,2021-12-03 11:01:24 +0000,57
bpm,2021-12-03 11:01:31 +0000,57
bpm,2021-12-03 11:01:33 +0000,56
bpm,2021-12-03 11:01:40 +0000,55
bpm,2021-12-03 11:01:47 +0000,54
bpm,2021-12-03 11:01:48 +0000,54
bpm,2021-12-03 11:01:53 +0000,58
bpm,2021-12-03 11:02:02 +0000,74
bpm,2021-12-03 11:02:04 +0000,74
bpm,2021-12-03 11:02:12 +0000,61
bpm,2021-12-03 11:02:17 +0000,57
bpm,2021-12-03 11:02:18 +0000,56
bpm,2021-12-03 11:02:27 +0000,54
bpm,2021-12-03 11:02:32 +0000,55
bpm,2021-12-03 11:02:35 +0000,56
bpm,2021-12-03 11:02:39 +0000,56
bpm,2021-12-03 11:02:47 +0000,54
bpm,2021-12-03 11:02:50 +0000,54
bpm,2021-12-03 11:02:53 +0000,55
bpm,2021-12-03 11:03:01 +0000,55
bpm,2021-12-03 11:03:05 +0000,53
bpm,2021-12-03 11:03:11 +0000,55
bpm,2021-12-03 11:03:13 +0000,54
bpm,2021-12-03 11:03:20 +0000,55
bpm,2021-12-03 11:03:26 +0000,56
bpm,2021-12-03 11:03:30 +0000,55
bpm,2021-12-03 11:03:34 +0000,56
bpm,2021-12-03 11:03:41 +0000,58
bpm,2021-12-03 11:03:47 +0000,58
bpm,2021-12-03 11:03:51 +0000,59
bpm,2021-12-03 11:03:56 +0000,59
bpm,2021-12-03 11:04:02 +0000,59
bpm,2021-12-03 11:04:03 +0000,59
bpm,2021-12-03 11:04:12 +0000,60
bpm,2021-12-03 11:04:13 +0000,60
bpm,2021-12-03 11:04:22 +0000,59
bpm,2021-12-03 11:04:24 +0000,58
bpm,2021-12-03 11:04:32 +0000,57
bpm,2021-12-03 11:04:35 +0000,57
bpm,2021-12-03 11:04:41 +0000,57
bpm,2021-12-03 11:04:43 +0000,57
bpm,2021-12-03 11:04:48 +0000,60
bpm,2021-12-03 11:04:57 +0000,60
bpm,2021-12-03 11:05:00 +0000,60
bpm,2021-12-03 11:05:03 +0000,60
bpm,2021-12-03 11:05:10 +0000,59
bpm,2021-12-03 11:05:15 +0000,60
bpm,2021-12-03 11:05:21 +0000,62
bpm,2021-12-03 11:05:25 +0000,60
bpm,2021-12-03 11:05:28 +0000,59
bpm,2021-12-03 11:05:35 +0000,57
bpm,2021-12-03 11:05:41 +0000,56
bpm,2021-12-03 11:05:45 +0000,56
bpm,2021-12-03 11:05:48 +0000,57
bpm,2021-12-03 11:05:57 +0000,56
bpm,2021-12-03 11:05:58 +0000,56
bpm,2021-12-03 11:06:07 +0000,58
bpm,2021-12-03 11:06:08 +0000,58
bpm,2021-12-03 11:06:16 +0000,59
bpm,2021-12-03 11:06:19 +0000,59
bpm,2021-12-03 11:06:26 +0000,59
bpm,2021-12-03 11:06:32 +0000,60
bpm,2021-12-03 11:06:33 +0000,60
bpm,2021-12-03 11:06:41 +0000,64
bpm,2021-12-03 11:06:47 +0000,61
bpm,2021-12-03 11:06:51 +0000,60
bpm,2021-12-03 11:06:53 +0000,60
bpm,2021-12-03 11:06:58 +0000,60
bpm,2021-12-03 11:07:04 +0000,73
bpm,2021-12-03 11:07:12 +0000,85
bpm,2021-12-03 11:07:13 +0000,83
bpm,2021-12-03 11:07:22 +0000,78
bpm,2021-12-03 11:07:24 +0000,80
bpm,2021-12-03 11:07:32 +0000,63
bpm,2021-12-03 11:07:36 +0000,64
bpm,2021-12-03 11:07:42 +0000,68
bpm,2021-12-03 11:07:43 +0000,68
bpm,2021-12-03 11:07:52 +0000,70
bpm,2021-12-03 11:07:56 +0000,75
bpm,2021-12-03 11:08:00 +0000,73
bpm,2021-12-03 11:08:04 +0000,71
bpm,2021-12-03 11:08:08 +0000,72
bpm,2021-12-03 11:08:15 +0000,76
bpm,2021-12-03 11:08:22 +0000,81
bpm,2021-12-03 11:08:23 +0000,80
bpm,2021-12-03 11:08:32 +0000,77
bpm,2021-12-03 11:08:35 +0000,77
bpm,2021-12-03 11:08:42 +0000,75
bpm,2021-12-03 11:08:44 +0000,76
bpm,2021-12-03 11:08:49 +0000,76
bpm,2021-12-03 11:08:53 +0000,75
bpm,2021-12-03 11:09:02 +0000,71
bpm,2021-12-03 11:09:07 +0000,71
bpm,2021-12-03 11:09:08 +0000,72
bpm,2021-12-03 11:09:17 +0000,73
bpm,2021-12-03 11:09:20 +0000,75
bpm,2021-12-03 11:09:25 +0000,73
bpm,2021-12-03 11:09:30 +0000,70
bpm,2021-12-03 11:09:33 +0000,71
bpm,2021-12-03 11:09:38 +0000,70
bpm,2021-12-03 11:09:45 +0000,70
bpm,2021-12-03 11:09:48 +0000,68
bpm,2021-12-03 11:09:54 +0000,67
bpm,2021-12-03 11:10:02 +0000,72
bpm,2021-12-03 11:10:03 +0000,71
bpm,2021-12-03 11:10:09 +0000,76
bpm,2021-12-03 11:10:16 +0000,72
bpm,2021-12-03 11:10:18 +0000,73
bpm,2021-12-03 11:10:23 +0000,70
bpm,2021-12-03 11:10:32 +0000,69
bpm,2021-12-03 11:10:33 +0000,69
bpm,2021-12-03 11:10:41 +0000,68
bpm,2021-12-03 11:10:44 +0000,70
bpm,2021-12-03 11:10:52 +0000,72
bpm,2021-12-03 11:10:54 +0000,73
bpm,2021-12-03 11:11:02 +0000,72
bpm,2021-12-03 11:11:07 +0000,72
bpm,2021-12-03 11:11:10 +0000,72
bpm,2021-12-03 11:11:14 +0000,72
bpm,2021-12-03 11:11:19 +0000,72
bpm,2021-12-03 11:11:24 +0000,73
bpm,2021-12-03 11:11:28 +0000,71
bpm,2021-12-03 11:11:37 +0000,72
bpm,2021-12-03 11:11:39 +0000,71
bpm,2021-12-03 11:11:44 +0000,70
bpm,2021-12-03 11:11:52 +0000,73
bpm,2021-12-03 11:11:53 +0000,73
bpm,2021-12-03 11:12:02 +0000,75
bpm,2021-12-03 11:12:03 +0000,75
bpm,2021-12-03 11:12:08 +0000,75
bpm,2021-12-03 11:12:14 +0000,76
bpm,2021-12-03 11:12:18 +0000,74
bpm,2021-12-03 11:12:27 +0000,71
bpm,2021-12-03 11:12:32 +0000,71
bpm,2021-12-03 11:12:34 +0000,72
bpm,2021-12-03 11:12:40 +0000,73
bpm,2021-12-03 11:12:46 +0000,72
bpm,2021-12-03 11:12:52 +0000,72
bpm,2021-12-03 11:12:53 +0000,71
bpm,2021-12-03 11:13:02 +0000,71
bpm,2021-12-03 11:13:06 +0000,73
bpm,2021-12-03 11:13:08 +0000,74
bpm,2021-12-03 11:13:17 +0000,89
bpm,2021-12-03 11:13:22 +0000,94
bpm,2021-12-03 11:13:26 +0000,95
bpm,2021-12-03 11:13:29 +0000,96
bpm,2021-12-03 11:13:35 +0000,97
bpm,2021-12-03 11:13:39 +0000,98
bpm,2021-12-03 11:13:45 +0000,99
bpm,2021-12-03 11:13:52 +0000,102
bpm,2021-12-03 11:13:57 +0000,100
bpm,2021-12-03 11:14:01 +0000,100
bpm,2021-12-03 11:14:03 +0000,100
bpm,2021-12-03 11:14:10 +0000,97
bpm,2021-12-03 11:14:16 +0000,99
bpm,2021-12-03 11:14:21 +0000,95
bpm,2021-12-03 11:14:23 +0000,94
bpm,2021-12-03 11:14:32 +0000,88
bpm,2021-12-03 11:14:37 +0000,89
bpm,2021-12-03 11:14:38 +0000,90
bpm,2021-12-03 11:14:43 +0000,91
bpm,2021-12-03 11:14:48 +0000,91
bpm,2021-12-03 11:14:54 +0000,90
bpm,2021-12-03 11:15:02 +0000,93
bpm,2021-12-03 11:15:03 +0000,93
bpm,2021-12-03 11:15:12 +0000,98
bpm,2021-12-03 11:15:15 +0000,99
bpm,2021-12-03 11:15:19 +0000,100
bpm,2021-12-03 11:15:26 +0000,94
bpm,2021-12-03 11:15:28 +0000,92
bpm,2021-12-03 11:15:34 +0000,88
bpm,2021-12-03 11:15:40 +0000,94
bpm,2021-12-03 11:15:43 +0000,90
bpm,2021-12-03 11:15:48 +0000,80
bpm,2021-12-03 11:15:57 +0000,76
bpm,2021-12-03 11:15:58 +0000,76
bpm,2021-12-03 11:16:03 +0000,72
bpm,2021-12-03 11:16:12 +0000,59
bpm,2021-12-03 11:16:16 +0000,58
bpm,2021-12-03 11:16:22 +0000,59
bpm,2021-12-03 11:16:23 +0000,61
bpm,2021-12-03 11:16:28 +0000,65
bpm,2021-12-03 11:16:37 +0000,60
bpm,2021-12-03 11:16:38 +0000,60
bpm,2021-12-03 11:16:47 +0000,51
bpm,2021-12-03 11:16:52 +0000,54
bpm,2021-12-03 11:16:56 +0000,55
bpm,2021-12-03 11:17:01 +0000,56
bpm,2021-12-03 11:17:03 +0000,56
bpm,2021-12-03 11:17:12 +0000,67
bpm,2021-12-03 11:17:15 +0000,68
bpm,2021-12-03 11:17:22 +0000,66
bpm,2021-12-03 11:17:23 +0000,67
bpm,2021-12-03 11:17:30 +0000,70
bpm,2021-12-03 11:17:37 +0000,65
bpm,2021-12-03 11:17:38 +0000,65
bpm,2021-12-03 11:17:44 +0000,68
bpm,2021-12-03 11:17:51 +0000,60
bpm,2021-12-03 11:17:56 +0000,67
bpm,2021-12-03 11:18:01 +0000,63
bpm,2021-12-03 11:18:07 +0000,73
bpm,2021-12-03 11:18:11 +0000,77
bpm,2021-12-03 11:18:14 +0000,73
bpm,2021-12-03 11:18:22 +0000,75
bpm,2021-12-03 11:18:24 +0000,77
bpm,2021-12-03 11:18:32 +0000,92
bpm,2021-12-03 11:18:36 +0000,94
bpm,2021-12-03 11:18:39 +0000,93
bpm,2021-12-03 11:18:47 +0000,75
bpm,2021-12-03 11:18:52 +0000,82
bpm,2021-12-03 11:18:57 +0000,83
bpm,2021-12-03 11:19:02 +0000,85
bpm,2021-12-03 11:19:04 +0000,86
bpm,2021-12-03 11:19:08 +0000,80
bpm,2021-12-03 11:19:17 +0000,72
bpm,2021-12-03 11:19:22 +0000,72
bpm,2021-12-03 11:19:24 +0000,71
bpm,2021-12-03 11:19:31 +0000,71
bpm,2021-12-03 11:19:35 +0000,71
bpm,2021-12-03 11:19:38 +0000,71
bpm,2021-12-03 11:19:43 +0000,73
bpm,2021-12-03 11:19:51 +0000,73
bpm,2021-12-03 11:19:56 +0000,71
bpm,2021-12-03 11:20:00 +0000,73
bpm,2021-12-03 11:20:07 +0000,75
bpm,2021-12-03 11:20:11 +0000,75
bpm,2021-12-03 11:20:13 +0000,78
bpm,2021-12-03 11:20:20 +0000,96
bpm,2021-12-03 11:20:27 +0000,104
bpm,2021-12-03 11:20:30 +0000,106
bpm,2021-12-03 11:20:37 +0000,110
bpm,2021-12-03 11:20:38 +0000,111
bpm,2021-12-03 11:20:44 +0000,114
bpm,2021-12-03 11:20:52 +0000,117
bpm,2021-12-03 11:20:57 +0000,116
bpm,2021-12-03 11:20:58 +0000,116
bpm,2021-12-03 11:21:04 +0000,117
bpm,2021-12-03 11:21:08 +0000,114
bpm,2021-12-03 11:21:13 +0000,108
bpm,2021-12-03 11:21:22 +0000,83
bpm,2021-12-03 11:21:26 +0000,77
bpm,2021-12-03 11:21:28 +0000,75
bpm,2021-12-03 11:21:34 +0000,73
bpm,2021-12-03 11:21:38 +0000,67
bpm,2021-12-03 11:21:47 +0000,72
bpm,2021-12-03 11:21:48 +0000,69
bpm,2021-12-03 11:21:56 +0000,54
bpm,2021-12-03 11:22:02 +0000,53
bpm,2021-12-03 11:22:07 +0000,52
bpm,2021-12-03 11:22:09 +0000,52
bpm,2021-12-03 11:22:17 +0000,59
bpm,2021-12-03 11:22:22 +0000,53
bpm,2021-12-03 11:22:27 +0000,51
bpm,2021-12-03 11:22:32 +0000,53
bpm,2021-12-03 11:22:37 +0000,55
bpm,2021-12-03 11:22:41 +0000,55
bpm,2021-12-03 11:22:47 +0000,56
bpm,2021-12-03 11:22:50 +0000,56
bpm,2021-12-03 11:22:56 +0000,56
bpm,2021-12-03 11:23:02 +0000,54
bpm,2021-12-03 11:23:05 +0000,56
bpm,2021-12-03 11:23:10 +0000,57
bpm,2021-12-03 11:23:14 +0000,56
bpm,2021-12-03 11:23:18 +0000,57
bpm,2021-12-03 11:23:24 +0000,57
bpm,2021-12-03 11:23:31 +0000,58
bpm,2021-12-03 11:23:33 +0000,59
bpm,2021-12-03 11:23:42 +0000,63
bpm,2021-12-03 11:23:44 +0000,62
bpm,2021-12-03 11:23:48 +0000,65
bpm,2021-12-03 11:23:57 +0000,90
bpm,2021-12-03 11:23:58 +0000,90
bpm,2021-12-03 11:24:06 +0000,105
bpm,2021-12-03 11:24:11 +0000,111
bpm,2021-12-03 11:24:17 +0000,114
bpm,2021-12-03 11:24:18 +0000,114
bpm,2021-12-03 11:24:27 +0000,118
bpm,2021-12-03 11:24:28 +0000,118
bpm,2021-12-03 11:24:34 +0000,120
bpm,2021-12-03 11:24:39 +0000,121
bpm,2021-12-03 11:24:45 +0000,123
bpm,2021-12-03 11:24:52 +0000,126
bpm,2021-12-03 11:24:53 +0000,126
bpm,2021-12-03 11:25:02 +0000,131
bpm,2021-12-03 11:25:03 +0000,131
bpm,2021-12-03 11:25:10 +0000,130
bpm,2021-12-03 11:25:14 +0000,130
bpm,2021-12-03 11:25:22 +0000,129
bpm,2021-12-03 11:25:27 +0000,128
bpm,2021-12-03 11:25:31 +0000,129
bpm,2021-12-03 11:25:34 +0000,130
bpm,2021-12-03 11:25:40 +0000,129
bpm,2021-12-03 11:25:45 +0000,128
bpm,2021-12-03 11:25:52 +0000,129
bpm,2021-12-03 11:25:56 +0000,129
bpm,2021-12-03 11:25:59 +0000,129
bpm,2021-12-03 11:26:03 +0000,129
bpm,2021-12-03 11:26:08 +0000,130
bpm,2021-12-03 11:26:14 +0000,131
bpm,2021-12-03 11:26:22 +0000,128
bpm,2021-12-03 11:26:26 +0000,128
bpm,2021-12-03 11:26:30 +0000,127
bpm,2021-12-03 11:26:33 +0000,128
bpm,2021-12-03 11:26:41 +0000,129
bpm,2021-12-03 11:26:45 +0000,132
bpm,2021-12-03 11:26:48 +0000,133
bpm,2021-12-03 11:26:57 +0000,129
bpm,2021-12-03 11:26:58 +0000,129
bpm,2021-12-03 11:27:07 +0000,125
bpm,2021-12-03 11:27:10 +0000,125
bpm,2021-12-03 11:27:14 +0000,126
bpm,2021-12-03 11:27:21 +0000,127
bpm,2021-12-03 11:27:23 +0000,127
bpm,2021-12-03 11:27:29 +0000,128
bpm,2021-12-03 11:27:33 +0000,127
bpm,2021-12-03 11:27:40 +0000,127
bpm,2021-12-03 11:27:46 +0000,126
bpm,2021-12-03 11:27:49 +0000,125
bpm,2021-12-03 11:27:55 +0000,124
bpm,2021-12-03 11:28:01 +0000,126
bpm,2021-12-03 11:28:07 +0000,128
bpm,2021-12-03 11:28:12 +0000,129
bpm,2021-12-03 11:28:13 +0000,129
bpm,2021-12-03 11:28:22 +0000,128
bpm,2021-12-03 11:28:27 +0000,128
bpm,2021-12-03 11:28:32 +0000,129
bpm,2021-12-03 11:28:37 +0000,129
bpm,2021-12-03 11:28:39 +0000,129
bpm,2021-12-03 11:28:44 +0000,130
bpm,2021-12-03 11:28:52 +0000,125
bpm,2021-12-03 11:28:57 +0000,125
bpm,2021-12-03 11:29:00 +0000,124
bpm,2021-12-03 11:29:07 +0000,113
bpm,2021-12-03 11:29:08 +0000,112
bpm,2021-12-03 11:29:17 +0000,93
bpm,2021-12-03 11:29:20 +0000,94
bpm,2021-12-03 11:29:27 +0000,98
bpm,2021-12-03 11:29:32 +0000,99
bpm,2021-12-03 11:29:36 +0000,98
bpm,2021-12-03 11:29:39 +0000,98
bpm,2021-12-03 11:29:47 +0000,99
bpm,2021-12-03 11:29:48 +0000,99
bpm,2021-12-03 11:29:56 +0000,100
bpm,2021-12-03 11:29:58 +0000,100
bpm,2021-12-03 11:30:06 +0000,102
bpm,2021-12-03 11:30:08 +0000,103
bpm,2021-12-03 11:30:13 +0000,105
bpm,2021-12-03 11:30:22 +0000,105
bpm,2021-12-03 11:30:27 +0000,105
bpm,2021-12-03 11:30:30 +0000,105
bpm,2021-12-03 11:30:35 +0000,105
bpm,2021-12-03 11:30:42 +0000,106
bpm,2021-12-03 11:30:44 +0000,106
bpm,2021-12-03 11:30:52 +0000,109
bpm,2021-12-03 11:30:54 +0000,109
bpm,2021-12-03 11:31:01 +0000,105
bpm,2021-12-03 11:31:05 +0000,105
bpm,2021-12-03 11:31:09 +0000,106
bpm,2021-12-03 11:31:13 +0000,106
bpm,2021-12-03 11:31:20 +0000,104
bpm,2021-12-03 11:31:26 +0000,104
bpm,2021-12-03 11:31:28 +0000,105
bpm,2021-12-03 11:31:35 +0000,107
bpm,2021-12-03 11:31:39 +0000,106
bpm,2021-12-03 11:31:45 +0000,105
bpm,2021-12-03 11:31:51 +0000,106
bpm,2021-12-03 11:31:57 +0000,107
bpm,2021-12-03 11:32:01 +0000,107
bpm,2021-12-03 11:32:03 +0000,107
bpm,2021-12-03 11:32:08 +0000,107
bpm,2021-12-03 11:32:14 +0000,107
bpm,2021-12-03 11:32:18 +0000,107
bpm,2021-12-03 11:32:23 +0000,108
bpm,2021-12-03 11:32:29 +0000,108
bpm,2021-12-03 11:32:33 +0000,108
bpm,2021-12-03 11:32:41 +0000,107
bpm,2021-12-03 11:32:43 +0000,107
bpm,2021-12-03 11:32:48 +0000,105
bpm,2021-12-03 11:32:53 +0000,105
bpm,2021-12-03 11:32:58 +0000,105
bpm,2021-12-03 11:33:07 +0000,108
bpm,2021-12-03 11:33:10 +0000,107
bpm,2021-12-03 11:33:15 +0000,106
bpm,2021-12-03 11:33:20 +0000,106
bpm,2021-12-03 11:33:27 +0000,107
bpm,2021-12-03 11:33:28 +0000,107
bpm,2021-12-03 11:33:36 +0000,108
bpm,2021-12-03 11:33:39 +0000,108
bpm,2021-12-03 11:33:43 +0000,109
bpm,2021-12-03 11:33:50 +0000,109
bpm,2021-12-03 11:33:57 +0000,107
bpm,2021-12-03 11:33:58 +0000,107
bpm,2021-12-03 11:34:03 +0000,109
bpm,2021-12-03 11:34:10 +0000,111
bpm,2021-12-03 11:34:14 +0000,110
bpm,2021-12-03 11:34:20 +0000,110
bpm,2021-12-03 11:34:23 +0000,111
bpm,2021-12-03 11:34:32 +0000,114
bpm,2021-12-03 11:34:33 +0000,114
bpm,2021-12-03 11:34:38 +0000,116
bpm,2021-12-03 11:34:46 +0000,119
bpm,2021-12-03 11:34:50 +0000,120
bpm,2021-12-03 11:34:56 +0000,120
bpm,2021-12-03 11:35:01 +0000,121
bpm,2021-12-03 11:35:07 +0000,120
bpm,2021-12-03 11:35:10 +0000,119
bpm,2021-12-03 11:35:16 +0000,119
bpm,2021-12-03 11:35:22 +0000,121
bpm,2021-12-03 11:35:24 +0000,122
bpm,2021-12-03 11:35:32 +0000,125
bpm,2021-12-03 11:35:36 +0000,124
bpm,2021-12-03 11:35:40 +0000,123
bpm,2021-12-03 11:35:47 +0000,123
bpm,2021-12-03 11:35:52 +0000,123
bpm,2021-12-03 11:35:57 +0000,124
bpm,2021-12-03 11:36:02 +0000,124
bpm,2021-12-03 11:36:04 +0000,124
bpm,2021-12-03 11:36:09 +0000,125
bpm,2021-12-03 11:36:13 +0000,124
bpm,2021-12-03 11:36:19 +0000,125
bpm,2021-12-03 11:36:26 +0000,125
bpm,2021-12-03 11:36:30 +0000,126
bpm,2021-12-03 11:36:37 +0000,126
bpm,2021-12-03 11:36:40 +0000,126
bpm,2021-12-03 11:36:46 +0000,126
bpm,2021-12-03 11:36:48 +0000,126
bpm,2021-12-03 11:36:53 +0000,125
bpm,2021-12-03 11:36:59 +0000,123
bpm,2021-12-03 11:37:06 +0000,126
bpm,2021-12-03 11:37:08 +0000,127
bpm,2021-12-03 11:37:13 +0000,128
bpm,2021-12-03 11:37:20 +0000,127
bpm,2021-12-03 11:37:23 +0000,127
bpm,2021-12-03 11:37:31 +0000,125
bpm,2021-12-03 11:37:33 +0000,125
bpm,2021-12-03 11:37:41 +0000,124
bpm,2021-12-03 11:37:47 +0000,125
bpm,2021-12-03 11:37:49 +0000,126
bpm,2021-12-03 11:37:56 +0000,127
bpm,2021-12-03 11:37:58 +0000,127
bpm,2021-12-03 11:38:04 +0000,126
bpm,2021-12-03 11:38:08 +0000,126
bpm,2021-12-03 11:38:15 +0000,129
bpm,2021-12-03 11:38:21 +0000,129
bpm,2021-12-03 11:38:25 +0000,129
bpm,2021-12-03 11:38:31 +0000,128
bpm,2021-12-03 11:38:36 +0000,127
bpm,2021-12-03 11:38:41 +0000,126
bpm,2021-12-03 11:38:43 +0000,127
bpm,2021-12-03 11:38:52 +0000,128
bpm,2021-12-03 11:38:57 +0000,129
bpm,2021-12-03 11:38:59 +0000,129
bpm,2021-12-03 11:39:03 +0000,129
bpm,2021-12-03 11:39:11 +0000,128
bpm,2021-12-03 11:39:13 +0000,128
bpm,2021-12-03 11:39:18 +0000,128
bpm,2021-12-03 11:39:24 +0000,130
bpm,2021-12-03 11:39:32 +0000,132
bpm,2021-12-03 11:39:37 +0000,132
bpm,2021-12-03 11:39:38 +0000,131
bpm,2021-12-03 11:39:47 +0000,119
bpm,2021-12-03 11:39:49 +0000,119
bpm,2021-12-03 11:39:55 +0000,111
bpm,2021-12-03 11:39:58 +0000,110
bpm,2021-12-03 11:40:04 +0000,105
bpm,2021-12-03 11:40:09 +0000,96
bpm,2021-12-03 11:40:17 +0000,82
bpm,2021-12-03 11:40:18 +0000,83
bpm,2021-12-03 11:40:27 +0000,81
bpm,2021-12-03 11:40:32 +0000,79
bpm,2021-12-03 11:40:37 +0000,80
bpm,2021-12-03 11:40:38 +0000,81
bpm,2021-12-02 16:54:48 +0000,85
bpm,2021-12-02 16:54:53 +0000,90
bpm,2021-12-02 16:54:54 +0000,90
bpm,2021-12-02 16:55:02 +0000,93
bpm,2021-12-02 16:55:04 +0000,94
bpm,2021-12-02 16:55:09 +0000,96
bpm,2021-12-02 16:55:18 +0000,96
bpm,2021-12-02 16:55:19 +0000,97
bpm,2021-12-02 16:55:28 +0000,85
bpm,2021-12-02 16:55:32 +0000,87
bpm,2021-12-02 16:55:38 +0000,81
bpm,2021-12-02 16:55:39 +0000,82
bpm,2021-12-02 16:55:48 +0000,76
bpm,2021-12-02 16:55:53 +0000,80
bpm,2021-12-02 16:55:56 +0000,81
bpm,2021-12-02 16:56:02 +0000,77
bpm,2021-12-02 16:56:04 +0000,78
bpm,2021-12-02 16:56:13 +0000,72
bpm,2021-12-02 16:56:14 +0000,72
bpm,2021-12-02 16:56:22 +0000,72
bpm,2021-12-02 16:56:27 +0000,76
bpm,2021-12-02 16:56:29 +0000,76
bpm,2021-12-02 16:56:34 +0000,79
bpm,2021-12-02 16:56:43 +0000,72
bpm,2021-12-02 16:56:48 +0000,71
bpm,2021-12-02 16:56:49 +0000,71
bpm,2021-12-02 16:56:58 +0000,74
bpm,2021-12-02 16:57:03 +0000,72
bpm,2021-12-02 16:57:06 +0000,72
bpm,2021-12-02 16:57:13 +0000,70
bpm,2021-12-02 16:57:14 +0000,70
bpm,2021-12-02 16:57:22 +0000,69
bpm,2021-12-02 16:57:27 +0000,72
bpm,2021-12-02 16:57:32 +0000,73
bpm,2021-12-02 16:57:35 +0000,72
bpm,2021-12-02 16:57:43 +0000,71
bpm,2021-12-02 16:57:46 +0000,72
bpm,2021-12-02 16:57:49 +0000,72
bpm,2021-12-02 16:57:58 +0000,76
bpm,2021-12-02 16:57:59 +0000,75
bpm,2021-12-02 16:58:04 +0000,75
bpm,2021-12-02 16:58:13 +0000,78
bpm,2021-12-02 16:58:15 +0000,78
bpm,2021-12-02 16:58:23 +0000,71
bpm,2021-12-02 16:58:26 +0000,71
bpm,2021-12-02 16:58:30 +0000,71
bpm,2021-12-02 16:58:34 +0000,70
bpm,2021-12-02 16:58:43 +0000,73
bpm,2021-12-02 16:58:47 +0000,71
bpm,2021-12-02 16:58:53 +0000,71
bpm,2021-12-02 16:58:55 +0000,71
bpm,2021-12-02 16:58:59 +0000,73
bpm,2021-12-02 16:59:08 +0000,79
bpm,2021-12-02 16:59:13 +0000,75
bpm,2021-12-02 16:59:18 +0000,75
bpm,2021-12-02 16:59:19 +0000,74
bpm,2021-12-02 16:59:26 +0000,71
bpm,2021-12-02 16:59:32 +0000,77
bpm,2021-12-02 16:59:34 +0000,76
bpm,2021-12-02 16:59:41 +0000,78
bpm,2021-12-02 16:59:48 +0000,72
bpm,2021-12-02 16:59:49 +0000,72
bpm,2021-12-02 16:59:58 +0000,74
bpm,2021-12-02 17:00:03 +0000,76
bpm,2021-12-02 17:00:08 +0000,79
bpm,2021-12-02 17:00:13 +0000,81
bpm,2021-12-02 17:00:15 +0000,81
bpm,2021-12-02 17:00:20 +0000,80
bpm,2021-12-02 17:00:24 +0000,82
bpm,2021-12-02 17:00:33 +0000,77
bpm,2021-12-02 17:00:35 +0000,77
bpm,2021-12-02 17:00:43 +0000,72
bpm,2021-12-02 17:00:48 +0000,69
bpm,2021-12-02 17:00:49 +0000,69
bpm,2021-12-02 17:00:58 +0000,68
bpm,2021-12-02 17:01:01 +0000,68
bpm,2021-12-02 17:01:07 +0000,68
bpm,2021-12-02 17:01:09 +0000,68
bpm,2021-12-02 17:01:14 +0000,68
bpm,2021-12-02 17:01:22 +0000,67
bpm,2021-12-02 17:01:27 +0000,69
bpm,2021-12-02 17:01:32 +0000,71
bpm,2021-12-02 17:01:34 +0000,70
bpm,2021-12-02 17:01:42 +0000,68
bpm,2021-12-02 17:01:45 +0000,70
bpm,2021-12-02 17:01:51 +0000,68
bpm,2021-12-02 17:01:59 +0000,73
bpm,2021-12-02 17:02:02 +0000,72
bpm,2021-12-02 17:02:06 +0000,74
bpm,2021-12-02 17:02:10 +0000,73
bpm,2021-12-02 17:02:19 +0000,73
bpm,2021-12-02 17:02:22 +0000,72
bpm,2021-12-02 17:02:27 +0000,76
bpm,2021-12-02 17:02:32 +0000,76
bpm,2021-12-02 17:02:38 +0000,77
bpm,2021-12-02 17:02:42 +0000,76
bpm,2021-12-02 17:02:47 +0000,75
bpm,2021-12-02 17:02:51 +0000,75
bpm,2021-12-02 17:03:00 +0000,76
bpm,2021-12-02 17:03:02 +0000,76
bpm,2021-12-02 17:03:09 +0000,79
bpm,2021-12-02 17:03:12 +0000,77
bpm,2021-12-02 17:03:17 +0000,80
bpm,2021-12-02 17:03:25 +0000,79
bpm,2021-12-02 17:03:28 +0000,79
bpm,2021-12-02 17:03:35 +0000,84
bpm,2021-12-02 17:03:40 +0000,85
bpm,2021-12-02 17:03:42 +0000,85
bpm,2021-12-02 17:03:48 +0000,82
bpm,2021-12-02 17:03:54 +0000,80
bpm,2021-12-02 17:03:57 +0000,80
bpm,2021-12-02 17:04:06 +0000,89
bpm,2021-12-02 17:04:12 +0000,90
bpm,2021-12-02 17:04:13 +0000,90
bpm,2021-12-02 17:04:19 +0000,83
bpm,2021-12-02 17:04:25 +0000,79
bpm,2021-12-02 17:04:31 +0000,76
bpm,2021-12-02 17:04:36 +0000,74
bpm,2021-12-02 17:04:38 +0000,75
bpm,2021-12-02 17:04:47 +0000,82
bpm,2021-12-02 17:04:49 +0000,80
bpm,2021-12-02 17:04:56 +0000,77
bpm,2021-12-02 17:04:58 +0000,78
bpm,2021-12-02 17:05:08 +0000,75
bpm,2021-12-02 17:05:13 +0000,75
bpm,2021-12-02 17:05:17 +0000,75
bpm,2021-12-02 17:05:19 +0000,75
bpm,2021-12-02 17:05:24 +0000,73
bpm,2021-12-02 17:05:29 +0000,76
bpm,2021-12-02 17:05:36 +0000,74
bpm,2021-12-02 17:05:42 +0000,77
bpm,2021-12-02 17:05:44 +0000,78
bpm,2021-12-02 17:05:53 +0000,72
bpm,2021-12-02 17:05:58 +0000,75
bpm,2021-12-02 17:06:00 +0000,74
bpm,2021-12-02 17:06:05 +0000,72
bpm,2021-12-02 17:06:13 +0000,67
bpm,2021-12-02 17:06:17 +0000,67
bpm,2021-12-02 17:06:21 +0000,69
bpm,2021-12-02 17:06:25 +0000,67
bpm,2021-12-02 17:06:31 +0000,71
bpm,2021-12-02 17:06:34 +0000,71
bpm,2021-12-02 17:06:43 +0000,75
bpm,2021-12-02 17:06:48 +0000,76
bpm,2021-12-02 17:06:49 +0000,76
bpm,2021-12-02 17:06:57 +0000,74
bpm,2021-12-02 17:06:59 +0000,73
bpm,2021-12-02 17:07:07 +0000,70
bpm,2021-12-02 17:07:12 +0000,71
bpm,2021-12-02 17:07:14 +0000,71
bpm,2021-12-02 17:07:21 +0000,73
bpm,2021-12-02 17:07:27 +0000,71
bpm,2021-12-02 17:07:32 +0000,74
bpm,2021-12-02 17:07:38 +0000,72
bpm,2021-12-02 17:07:42 +0000,73
bpm,2021-12-02 17:07:45 +0000,72
bpm,2021-12-02 17:07:51 +0000,74
bpm,2021-12-02 17:07:58 +0000,66
bpm,2021-12-02 17:08:01 +0000,68
bpm,2021-12-02 17:08:08 +0000,73
bpm,2021-12-02 17:08:12 +0000,73
bpm,2021-12-02 17:08:15 +0000,72
bpm,2021-12-02 17:08:23 +0000,70
bpm,2021-12-02 17:08:26 +0000,70
bpm,2021-12-02 17:08:33 +0000,69
bpm,2021-12-02 17:08:38 +0000,70
bpm,2021-12-02 17:08:41 +0000,70
bpm,2021-12-02 17:08:44 +0000,71
bpm,2021-12-02 17:08:50 +0000,72
bpm,2021-12-02 17:08:58 +0000,76
bpm,2021-12-02 17:09:01 +0000,75
bpm,2021-12-02 17:09:05 +0000,73
bpm,2021-12-02 17:09:11 +0000,76
bpm,2021-12-02 17:09:14 +0000,79
bpm,2021-12-02 17:09:19 +0000,87
bpm,2021-12-02 17:09:24 +0000,98
bpm,2021-12-02 17:09:32 +0000,78
bpm,2021-12-02 17:09:38 +0000,70
bpm,2021-12-02 17:09:43 +0000,69
bpm,2021-12-02 17:09:46 +0000,69
bpm,2021-12-02 17:09:50 +0000,70
bpm,2021-12-02 17:09:54 +0000,74
bpm,2021-12-02 17:10:03 +0000,80
bpm,2021-12-02 17:10:05 +0000,79
bpm,2021-12-02 17:10:13 +0000,81
bpm,2021-12-02 17:10:14 +0000,81
bpm,2021-12-02 17:10:21 +0000,81
bpm,2021-12-02 17:10:27 +0000,78
bpm,2021-12-02 17:10:33 +0000,83
bpm,2021-12-02 17:10:34 +0000,83
bpm,2021-12-02 17:10:42 +0000,79
bpm,2021-12-02 17:10:48 +0000,79
bpm,2021-12-02 17:10:51 +0000,78
bpm,2021-12-02 17:10:54 +0000,80
bpm,2021-12-02 17:11:01 +0000,77
bpm,2021-12-02 17:11:08 +0000,79
bpm,2021-12-02 17:11:13 +0000,81
bpm,2021-12-02 17:11:18 +0000,84
bpm,2021-12-02 17:11:20 +0000,84
bpm,2021-12-02 17:11:24 +0000,87
bpm,2021-12-02 17:11:33 +0000,80
bpm,2021-12-02 17:11:35 +0000,81
bpm,2021-12-02 17:11:43 +0000,88
bpm,2021-12-02 17:11:44 +0000,86
bpm,2021-12-02 17:11:51 +0000,78
bpm,2021-12-02 17:11:58 +0000,81
bpm,2021-12-02 17:12:03 +0000,81
bpm,2021-12-02 17:12:06 +0000,81
bpm,2021-12-02 17:12:09 +0000,81
bpm,2021-12-02 17:12:16 +0000,80
bpm,2021-12-02 17:12:21 +0000,81
bpm,2021-12-02 17:12:24 +0000,81
bpm,2021-12-02 17:12:30 +0000,84
bpm,2021-12-02 17:12:34 +0000,82
bpm,2021-12-02 17:12:40 +0000,88
bpm,2021-12-02 17:12:45 +0000,84
bpm,2021-12-02 17:12:49 +0000,86
bpm,2021-12-02 17:12:56 +0000,77
bpm,2021-12-02 17:13:03 +0000,89
bpm,2021-12-02 17:13:08 +0000,85
bpm,2021-12-02 17:13:09 +0000,84
bpm,2021-12-02 17:13:17 +0000,80
bpm,2021-12-02 17:13:23 +0000,82
bpm,2021-12-02 17:13:25 +0000,83
bpm,2021-12-02 17:13:33 +0000,83
bpm,2021-12-02 17:13:35 +0000,84
bpm,2021-12-02 17:13:43 +0000,86
bpm,2021-12-02 17:13:46 +0000,86
bpm,2021-12-02 17:13:53 +0000,84
bpm,2021-12-02 17:13:56 +0000,83
bpm,2021-12-02 17:14:03 +0000,88
bpm,2021-12-02 17:14:04 +0000,88
bpm,2021-12-02 17:14:10 +0000,86
bpm,2021-12-02 17:14:14 +0000,87
bpm,2021-12-02 17:14:19 +0000,88
bpm,2021-12-02 17:14:28 +0000,93
bpm,2021-12-02 17:14:30 +0000,92
bpm,2021-12-02 17:14:36 +0000,103
bpm,2021-12-02 17:14:39 +0000,102
bpm,2021-12-02 17:14:48 +0000,106
bpm,2021-12-02 17:14:49 +0000,106
bpm,2021-12-02 17:14:54 +0000,102
bpm,2021-12-02 17:15:02 +0000,81
bpm,2021-12-02 17:15:05 +0000,82
bpm,2021-12-02 17:15:13 +0000,89
bpm,2021-12-02 17:15:18 +0000,88
bpm,2021-12-02 17:15:20 +0000,86
bpm,2021-12-02 17:15:28 +0000,92
bpm,2021-12-02 17:15:33 +0000,91
bpm,2021-12-02 17:15:36 +0000,91
bpm,2021-12-02 17:15:39 +0000,91
bpm,2021-12-02 17:15:46 +0000,88
bpm,2021-12-02 17:15:51 +0000,89
bpm,2021-12-02 17:15:54 +0000,88
bpm,2021-12-02 17:15:59 +0000,88
bpm,2021-12-02 17:16:05 +0000,85
bpm,2021-12-02 17:16:10 +0000,88
bpm,2021-12-02 17:16:17 +0000,84
bpm,2021-12-02 17:16:19 +0000,85
bpm,2021-12-02 17:16:28 +0000,82
bpm,2021-12-02 17:16:33 +0000,83
bpm,2021-12-02 17:16:34 +0000,83
bpm,2021-12-02 17:16:42 +0000,84
bpm,2021-12-02 17:16:44 +0000,83
bpm,2021-12-02 17:16:53 +0000,82
bpm,2021-12-02 17:16:58 +0000,80
bpm,2021-12-02 17:17:01 +0000,82
bpm,2021-12-02 17:17:04 +0000,82
bpm,2021-12-02 17:17:11 +0000,84
bpm,2021-12-02 17:17:17 +0000,82
bpm,2021-12-02 17:17:19 +0000,82
bpm,2021-12-02 17:17:24 +0000,87
bpm,2021-12-02 17:17:33 +0000,79
bpm,2021-12-02 17:17:37 +0000,82
bpm,2021-12-02 17:17:42 +0000,80
bpm,2021-12-02 17:17:48 +0000,82
bpm,2021-12-02 17:17:53 +0000,83
bpm,2021-12-02 17:17:54 +0000,83
bpm,2021-12-02 17:18:00 +0000,83
bpm,2021-12-02 17:18:04 +0000,81
bpm,2021-12-02 17:18:13 +0000,85
bpm,2021-12-02 17:18:17 +0000,84
bpm,2021-12-02 17:18:19 +0000,85
bpm,2021-12-02 17:18:24 +0000,86
bpm,2021-12-02 17:18:31 +0000,87
bpm,2021-12-02 17:18:38 +0000,85
bpm,2021-12-02 17:18:39 +0000,85
bpm,2021-12-02 17:18:48 +0000,86
bpm,2021-12-02 17:18:49 +0000,87
bpm,2021-12-02 17:18:58 +0000,82
bpm,2021-12-02 17:18:59 +0000,83
bpm,2021-12-02 17:19:04 +0000,85
bpm,2021-12-02 17:19:13 +0000,82
bpm,2021-12-02 17:19:17 +0000,81
bpm,2021-12-02 17:19:23 +0000,84
bpm,2021-12-02 17:19:24 +0000,84
bpm,2021-12-02 17:19:32 +0000,85
bpm,2021-12-02 17:19:34 +0000,86
bpm,2021-12-02 17:19:43 +0000,82
bpm,2021-12-02 17:19:44 +0000,82
bpm,2021-12-02 17:19:49 +0000,85
bpm,2021-12-02 17:19:58 +0000,85
bpm,2021-12-02 17:20:02 +0000,81
bpm,2021-12-02 17:20:08 +0000,88
bpm,2021-12-02 17:20:13 +0000,82
bpm,2021-12-02 17:20:18 +0000,87
bpm,2021-12-02 17:20:22 +0000,88
bpm,2021-12-02 17:20:27 +0000,86
bpm,2021-12-02 17:20:29 +0000,89
bpm,2021-12-02 17:20:35 +0000,98
bpm,2021-12-02 17:20:39 +0000,106
bpm,2021-12-02 17:20:44 +0000,110
bpm,2021-12-02 17:20:53 +0000,113
bpm,2021-12-02 17:20:58 +0000,118
bpm,2021-12-02 17:21:01 +0000,119
bpm,2021-12-02 17:21:07 +0000,116
bpm,2021-12-02 17:21:13 +0000,117
bpm,2021-12-02 17:21:16 +0000,116
bpm,2021-12-02 17:21:20 +0000,117
bpm,2021-12-02 17:21:24 +0000,119
bpm,2021-12-02 17:21:33 +0000,114
bpm,2021-12-02 17:21:36 +0000,115
bpm,2021-12-02 17:21:39 +0000,117
bpm,2021-12-02 17:21:46 +0000,114
bpm,2021-12-02 17:21:50 +0000,114
bpm,2021-12-02 17:21:57 +0000,113
bpm,2021-12-02 17:22:00 +0000,113
bpm,2021-12-02 17:22:04 +0000,112
bpm,2021-12-02 17:22:11 +0000,113
bpm,2021-12-02 17:22:18 +0000,113
bpm,2021-12-02 17:22:21 +0000,112
bpm,2021-12-02 17:22:28 +0000,115
bpm,2021-12-02 17:22:31 +0000,116
bpm,2021-12-02 17:22:34 +0000,117
bpm,2021-12-02 17:22:40 +0000,117
bpm,2021-12-02 17:22:44 +0000,117
bpm,2021-12-02 17:22:49 +0000,116
bpm,2021-12-02 17:22:58 +0000,115
bpm,2021-12-02 17:23:02 +0000,115
bpm,2021-12-02 17:23:04 +0000,115
bpm,2021-12-02 17:23:12 +0000,120
bpm,2021-12-02 17:23:14 +0000,119
bpm,2021-12-02 17:23:21 +0000,117
bpm,2021-12-02 17:23:25 +0000,118
bpm,2021-12-02 17:23:31 +0000,118
bpm,2021-12-02 17:23:38 +0000,117
bpm,2021-12-02 17:23:43 +0000,119
bpm,2021-12-02 17:23:47 +0000,120
bpm,2021-12-02 17:23:49 +0000,119
bpm,2021-12-02 17:23:58 +0000,123
bpm,2021-12-02 17:24:01 +0000,123
bpm,2021-12-02 17:24:05 +0000,121
bpm,2021-12-02 17:24:10 +0000,120
bpm,2021-12-02 17:24:14 +0000,119
bpm,2021-12-02 17:24:21 +0000,118
bpm,2021-12-02 17:24:25 +0000,118
bpm,2021-12-02 17:24:31 +0000,118
bpm,2021-12-02 17:24:34 +0000,116
bpm,2021-12-02 17:24:41 +0000,121
bpm,2021-12-02 17:24:48 +0000,119
bpm,2021-12-02 17:24:50 +0000,119
bpm,2021-12-02 17:24:58 +0000,120
bpm,2021-12-02 17:25:02 +0000,118
bpm,2021-12-02 17:25:06 +0000,117
bpm,2021-12-02 17:25:10 +0000,120
bpm,2021-12-02 17:25:16 +0000,118
bpm,2021-12-02 17:25:20 +0000,118
bpm,2021-12-02 17:25:26 +0000,119
bpm,2021-12-02 17:25:29 +0000,121
bpm,2021-12-02 17:25:37 +0000,115
bpm,2021-12-02 17:25:40 +0000,116
bpm,2021-12-02 17:25:48 +0000,124
bpm,2021-12-02 17:25:52 +0000,122
bpm,2021-12-02 17:25:54 +0000,122
bpm,2021-12-02 17:26:00 +0000,117
bpm,2021-12-02 17:26:04 +0000,117
bpm,2021-12-02 17:26:09 +0000,118
bpm,2021-12-02 17:26:14 +0000,118
bpm,2021-12-02 17:26:22 +0000,109
bpm,2021-12-02 17:26:24 +0000,109
bpm,2021-12-02 17:26:32 +0000,120
bpm,2021-12-02 17:26:35 +0000,124
bpm,2021-12-02 17:26:41 +0000,129
bpm,2021-12-02 17:26:44 +0000,130
bpm,2021-12-02 17:26:53 +0000,138
bpm,2021-12-02 17:26:58 +0000,140
bpm,2021-12-02 17:27:00 +0000,140
bpm,2021-12-02 17:27:05 +0000,141
bpm,2021-12-02 17:27:09 +0000,144
bpm,2021-12-02 17:27:17 +0000,141
bpm,2021-12-02 17:27:22 +0000,142
bpm,2021-12-02 17:27:26 +0000,138
bpm,2021-12-02 17:27:30 +0000,139
bpm,2021-12-02 17:27:38 +0000,140
bpm,2021-12-02 17:27:42 +0000,139
bpm,2021-12-02 17:27:47 +0000,139
bpm,2021-12-02 17:27:53 +0000,139
bpm,2021-12-02 17:27:54 +0000,140
bpm,2021-12-02 17:28:03 +0000,139
bpm,2021-12-02 17:28:08 +0000,138
bpm,2021-12-02 17:28:09 +0000,139
bpm,2021-12-02 17:28:16 +0000,144
bpm,2021-12-02 17:28:22 +0000,140
bpm,2021-12-02 17:28:28 +0000,140
bpm,2021-12-02 17:28:33 +0000,137
bpm,2021-12-02 17:28:34 +0000,137
bpm,2021-12-02 17:28:40 +0000,136
bpm,2021-12-02 17:28:44 +0000,138
bpm,2021-12-02 17:28:52 +0000,140
bpm,2021-12-02 17:28:54 +0000,140
bpm,2021-12-02 17:29:03 +0000,138
bpm,2021-12-02 17:29:05 +0000,139
bpm,2021-12-02 17:29:09 +0000,143
bpm,2021-12-02 17:29:18 +0000,142
bpm,2021-12-02 17:29:20 +0000,143
bpm,2021-12-02 17:29:28 +0000,139
bpm,2021-12-02 17:29:32 +0000,138
bpm,2021-12-02 17:29:37 +0000,140
bpm,2021-12-02 17:29:41 +0000,140
bpm,2021-12-02 17:29:45 +0000,141
bpm,2021-12-02 17:29:53 +0000,141
bpm,2021-12-02 17:29:54 +0000,141
bpm,2021-12-02 17:29:59 +0000,140
bpm,2021-12-02 17:30:06 +0000,141
bpm,2021-12-02 17:30:13 +0000,144
bpm,2021-12-02 17:30:15 +0000,144
bpm,2021-12-02 17:30:23 +0000,144
bpm,2021-12-02 17:30:25 +0000,144
bpm,2021-12-02 17:30:32 +0000,142
bpm,2021-12-02 17:30:44 +0000,141
bpm,2021-12-02 17:30:49 +0000,140
bpm,2021-12-02 17:30:58 +0000,141
bpm,2021-12-02 17:31:00 +0000,142
bpm,2021-12-02 17:31:04 +0000,144
bpm,2021-12-02 17:31:10 +0000,146
bpm,2021-12-02 17:31:18 +0000,145
bpm,2021-12-02 17:31:23 +0000,145
bpm,2021-12-02 17:31:25 +0000,144
bpm,2021-12-02 17:31:32 +0000,145
bpm,2021-12-02 17:31:34 +0000,145
bpm,2021-12-02 17:31:39 +0000,147
bpm,2021-12-02 17:31:44 +0000,149
bpm,2021-12-02 17:31:50 +0000,151
bpm,2021-12-02 17:31:58 +0000,152
bpm,2021-12-02 17:31:59 +0000,152
bpm,2021-12-02 17:32:08 +0000,156
bpm,2021-12-02 17:32:39 +0000,146
bpm,2021-12-02 17:32:48 +0000,156
bpm,2021-12-02 17:32:53 +0000,155
bpm,2021-12-02 17:32:54 +0000,155
bpm,2021-12-02 17:33:00 +0000,149
bpm,2021-12-02 17:33:06 +0000,148
bpm,2021-12-02 17:33:13 +0000,150
bpm,2021-12-02 17:33:15 +0000,151
bpm,2021-12-02 17:33:20 +0000,153
bpm,2021-12-02 17:33:28 +0000,154
bpm,2021-12-02 17:33:29 +0000,154
bpm,2021-12-02 17:33:38 +0000,153
bpm,2021-12-02 17:33:42 +0000,154
bpm,2021-12-02 17:33:48 +0000,156
bpm,2021-12-02 17:33:49 +0000,157
bpm,2021-12-02 17:33:57 +0000,156
bpm,2021-12-02 17:34:03 +0000,158
bpm,2021-12-02 17:34:06 +0000,159
bpm,2021-12-02 17:34:13 +0000,163
bpm,2021-12-02 17:34:18 +0000,163
bpm,2021-12-02 17:34:20 +0000,162
bpm,2021-12-02 17:34:24 +0000,161
bpm,2021-12-02 17:34:29 +0000,161
bpm,2021-12-02 17:34:38 +0000,161
bpm,2021-12-02 17:34:42 +0000,162
bpm,2021-12-02 17:34:44 +0000,163
bpm,2021-12-02 17:34:49 +0000,162
bpm,2021-12-02 17:34:57 +0000,162
bpm,2021-12-02 17:35:03 +0000,162
bpm,2021-12-02 17:35:04 +0000,162
bpm,2021-12-02 17:35:10 +0000,163
bpm,2021-12-02 17:35:18 +0000,163
bpm,2021-12-02 17:35:20 +0000,162
bpm,2021-12-02 17:35:24 +0000,163
bpm,2021-12-02 17:35:32 +0000,163
bpm,2021-12-02 17:35:34 +0000,163
bpm,2021-12-02 17:35:40 +0000,164
bpm,2021-12-02 17:35:45 +0000,164
bpm,2021-12-02 17:35:53 +0000,165
bpm,2021-12-02 17:35:55 +0000,165
bpm,2021-12-02 17:35:59 +0000,165
bpm,2021-12-02 17:36:14 +0000,165
bpm,2021-12-02 17:36:22 +0000,164
bpm,2021-12-02 17:36:28 +0000,164
bpm,2021-12-02 17:36:29 +0000,164
bpm,2021-12-02 17:36:34 +0000,164
bpm,2021-12-02 17:36:39 +0000,164
bpm,2021-12-02 17:36:45 +0000,163
bpm,2021-12-02 17:36:50 +0000,164
bpm,2021-12-02 17:36:54 +0000,164
bpm,2021-12-02 17:37:01 +0000,164
bpm,2021-12-02 17:37:07 +0000,164
bpm,2021-12-02 17:37:13 +0000,163
bpm,2021-12-02 17:37:15 +0000,163
bpm,2021-12-02 17:37:23 +0000,160
bpm,2021-12-02 17:37:27 +0000,159
bpm,2021-12-02 17:37:29 +0000,157
bpm,2021-12-02 17:37:34 +0000,154
bpm,2021-12-02 17:37:42 +0000,151
bpm,2021-12-02 17:37:44 +0000,149
bpm,2021-12-02 17:37:53 +0000,141
bpm,2021-12-02 17:37:58 +0000,135
bpm,2021-12-02 17:38:02 +0000,136
bpm,2021-12-02 17:38:08 +0000,130
bpm,2021-12-02 17:38:09 +0000,130
bpm,2021-12-02 17:38:18 +0000,128
bpm,2021-12-02 17:38:23 +0000,128
bpm,2021-12-02 17:38:26 +0000,126
bpm,2021-12-02 17:38:29 +0000,125
bpm,2021-12-02 17:38:34 +0000,125
bpm,2021-12-02 17:38:39 +0000,123
